stop_id,stop_code,stop_name,stop_desc,stop_lat,stop_lon,zone_id,stop_url,location_type,parent_station,_ingested_at
7010B158131,158131,Ulsterbus Depot,,54.996629,-7.317866,,,,,2026-06-26T14:46:10.260735+00:00
7010B158241,158241,Magee Campus,,55.002956,-7.322545,,,,,2026-06-26T14:46:10.260735+00:00
7020IR0037,0,Lisburn,,54.513863,-6.045132,,,,,2026-06-26T14:46:10.260735+00:00
7020IR2162,0,Belfast,,54.594684,-5.939831,,,,,2026-06-26T14:46:10.260735+00:00
7040B107131,107131,Cullaville,,54.0620448123748,-6.64352516920916,,,,,2026-06-26T14:46:10.260735+00:00
7040B139481,139481,Newry,,54.168253,-6.339098,,,,,2026-06-26T14:46:10.260735+00:00
7040B139491,139491,Buttercrane SC,,54.172871,-6.340996,,,,,2026-06-26T14:46:10.260735+00:00
7040B139501,139501,Newry,,54.172227,-6.340441,,,,,2026-06-26T14:46:10.260735+00:00
7040B139511,139511,Newry,,54.168692,-6.339019,,,,,2026-06-26T14:46:10.260735+00:00
7040B139761,139761,Killeen Br,,54.131009,-6.346082,,,,,2026-06-26T14:46:10.260735+00:00
7040B139771,139771,Killeen Br,,54.131023,-6.346479,,,,,2026-06-26T14:46:10.260735+00:00
7040B139781,139781,Meigh Cross,,54.115863,-6.357129,,,,,2026-06-26T14:46:10.260735+00:00
7040B139791,139791,Meigh Cross,,54.115892,-6.357279,,,,,2026-06-26T14:46:10.260735+00:00
7040B150611,150611,Regional College,,54.176486,-6.34535,,,,,2026-06-26T14:46:10.260735+00:00
7040B156051,156051,Newry,,54.176002,-6.339467,,,,,2026-06-26T14:46:10.260735+00:00
7040B156061,156061,Newry Bus Station,,54.174999,-6.340145,,,,,2026-06-26T14:46:10.260735+00:00
7040IR0042,0,Newry,,54.188659,-6.362413,,,,,2026-06-26T14:46:10.260735+00:00
7040IR0045,0,Portadown,,54.424993,-6.445312,,,,,2026-06-26T14:46:10.260735+00:00
7040IR0090,0,Lurgan,,54.467011,-6.338528,,,,,2026-06-26T14:46:10.260735+00:00
7050B108081,108081,Enniskillen,,54.343694,-7.640079,,,,,2026-06-26T14:46:10.260735+00:00
7050B140871,140871,Derrylin,,54.191672,-7.565929,,,,,2026-06-26T14:46:10.260735+00:00
7050B1409001,140901,Bellanaleck,,54.2950047241065,-7.63801510677572,,,,,2026-06-26T14:46:10.260735+00:00
7050B141541,141541,Belleek,,54.476171,-8.094502,,,,,2026-06-26T14:46:10.260735+00:00
7050B1415501,141551,Bellanaleck,,54.2950580826928,-7.63783030428049,,,,,2026-06-26T14:46:10.260735+00:00
7050B141561,141561,Derrylin,,54.191678,-7.565736,,,,,2026-06-26T14:46:10.260735+00:00
7050B630091,630091,Letterbreen,,54.309287,-7.732686,,,,,2026-06-26T14:46:10.260735+00:00
7050B630101,630101,Letterbreen,,54.309493,-7.732162,,,,,2026-06-26T14:46:10.260735+00:00
7050B6310001,631001,Belcoo,,54.297258,-7.869896,,,,,2026-06-26T14:46:10.260735+00:00
7050B631071,631071,Loughview Drive,,54.297374,-7.870114,,,,,2026-06-26T14:46:10.260735+00:00
7060B152481,152481,Sion Mills,,54.784312,-7.471637,,,,,2026-06-26T14:46:10.260735+00:00
7060B156031,156031,Ballygawley,,54.456349,-7.033901,,,,,2026-06-26T14:46:10.260735+00:00
7060B157111,157111,Newtownstewart,,54.721891,-7.372982,,,,,2026-06-26T14:46:10.260735+00:00
7060B158031,158031,Ulsterbus Depot,,54.601343,-7.30175,,,,,2026-06-26T14:46:10.260735+00:00
7060B1581001,158101,Newtownstewart,,54.721774,-7.373015,,,,,2026-06-26T14:46:10.260735+00:00
7060B158121,158121,Bradley Way,,54.826507,-7.47009,,,,,2026-06-26T14:46:10.260735+00:00
7060B1581401,158141,Sion Mills,,54.785779,-7.472348,,,,,2026-06-26T14:46:10.260735+00:00
7060B158181,158181,Canal Street,,54.8277460618064,-7.46378639704708,,,,,2026-06-26T14:46:10.260735+00:00
821000005,12324,Carlow Inst,,52.8191,-6.94496,,,,,2026-06-26T14:46:10.260735+00:00
821000007,351871,Leighlinbridge,,52.736693,-6.975816,,,,,2026-06-26T14:46:10.260735+00:00
821000008,13228,Leighlinbridge,,52.7365,-6.97598,,,,,2026-06-26T14:46:10.260735+00:00
821000009,351831,Bagenalstown West,,52.7005,-6.96598,,,,,2026-06-26T14:46:10.260735+00:00
821000010,351821,Bagenalstown West,,52.70052,-6.96478,,,,,2026-06-26T14:46:10.260735+00:00
8210B0351841,351841,Royal Oak,,52.70218,-6.98459,,,,,2026-06-26T14:46:10.260735+00:00
8210B111621,111621,St Patrick's Avenue,,52.837124,-6.91467,,,,,2026-06-26T14:46:10.260735+00:00
8210B111891,111891,Sleaty Road,,52.844148,-6.939762,,,,,2026-06-26T14:46:10.260735+00:00
8210B1340201,134021,Hacketstown,,52.865375,-6.558453,,,,,2026-06-26T14:46:10.260735+00:00
8210B136061,136061,SETU Carlow,,52.8299811805242,-6.93597455431291,,,,,2026-06-26T14:46:10.260735+00:00
8210B136211,136211,Rathvilly,,52.8805507014169,-6.69556191940628,,,,,2026-06-26T14:46:10.260735+00:00
8210B136231,136231,Hacketstown,,52.865221,-6.558399,,,,,2026-06-26T14:46:10.260735+00:00
8210B153991,153991,Tullow North,,52.80482,-6.732506,,,,,2026-06-26T14:46:10.260735+00:00
8210B154001,154001,Tullow North,,52.804658,-6.732496,,,,,2026-06-26T14:46:10.260735+00:00
8210B202101,202101,Wexford Rd BP,,52.820615,-6.897133,,,,,2026-06-26T14:46:10.260735+00:00
8210B3355701,335571,Carlow Bus Stn,,52.833738,-6.926948,,,,,2026-06-26T14:46:10.260735+00:00
8210B3511401,351141,Rathvilly,,52.8806191573759,-6.69524785426883,,,,,2026-06-26T14:46:10.260735+00:00
8210B3511801,351181,Kildavin,,52.683916,-6.685386,,,,,2026-06-26T14:46:10.260735+00:00
8210B351711,351711,Ballon,,52.740188,-6.7704,,,,,2026-06-26T14:46:10.260735+00:00
8210B351721,351721,Ballon,,52.740087,-6.770225,,,,,2026-06-26T14:46:10.260735+00:00
8210B5981201,598121,SETU Carlow,,52.830054,-6.936121,,,,,2026-06-26T14:46:10.260735+00:00
8210CO11091,201001,Carlow Inst,,52.819187,-6.94511,,,,,2026-06-26T14:46:10.260735+00:00
8210CO11092,11092,Carraig Abhainn,,52.825857,-6.937188,,,,,2026-06-26T14:46:10.260735+00:00
8210CO11093,110931,Bourlum Wood,,52.823409,-6.935764,,,,,2026-06-26T14:46:10.260735+00:00
8210CO11094,110941,SETU Green Road,,52.825497,-6.934096,,,,,2026-06-26T14:46:10.260735+00:00
8210CO11095,110951,New Street,,52.829729,-6.93095,,,,,2026-06-26T14:46:10.260735+00:00
8210CO11096,110961,Hanover Road,,52.831403,-6.929143,,,,,2026-06-26T14:46:10.260735+00:00
8210CO11098,110981,Fire Station,,52.83703,-6.92286,,,,,2026-06-26T14:46:10.260735+00:00
8210CO11099,110991,Green Lane,,52.841239,-6.917605,,,,,2026-06-26T14:46:10.260735+00:00
8210CO11100,111001,Deerpark Rnbt,,52.845026,-6.910029,,,,,2026-06-26T14:46:10.260735+00:00
8210CO11101,111011,Enterprise B Pk,,52.840432,-6.909015,,,,,2026-06-26T14:46:10.260735+00:00
8210CO11102,201041,Sandhills,,52.839602,-6.904687,,,,,2026-06-26T14:46:10.260735+00:00
8210CO11103,201051,Burrindale,,52.841719,-6.902289,,,,,2026-06-26T14:46:10.260735+00:00
8210CO11104,111041,Beechwood Park,,52.844729,-6.899318,,,,,2026-06-26T14:46:10.260735+00:00
8210CO11105,201061,Tinteán Coille,,52.846753,-6.895674,,,,,2026-06-26T14:46:10.260735+00:00
8210CO11106,201111,MSD Carlow,,52.854254,-6.884615,,,,,2026-06-26T14:46:10.260735+00:00
8210CO11108,111231,Tinteán Coille,,52.846705,-6.895259,,,,,2026-06-26T14:46:10.260735+00:00
8210CO11109,111091,Beechwood Park,,52.844924,-6.898986,,,,,2026-06-26T14:46:10.260735+00:00
8210CO11110,111101,Burrindale,,52.84195,-6.902001,,,,,2026-06-26T14:46:10.260735+00:00
8210CO11111,111241,Sandhills,,52.839411,-6.907423,,,,,2026-06-26T14:46:10.260735+00:00
8210CO11112,111121,Enterprise B Pk,,52.840884,-6.909271,,,,,2026-06-26T14:46:10.260735+00:00
8210CO11113,111131,Deerpark Rnbt,,52.844784,-6.910183,,,,,2026-06-26T14:46:10.260735+00:00
8210CO11114,111141,Green Lane,,52.84178,-6.916849,,,,,2026-06-26T14:46:10.260735+00:00
8210CO11115,111151,Fire Station,,52.83698,-6.922727,,,,,2026-06-26T14:46:10.260735+00:00
8210CO11117,111171,Hanover Road,,52.831857,-6.928657,,,,,2026-06-26T14:46:10.260735+00:00
8210CO11118,111181,New Street,,52.829034,-6.931546,,,,,2026-06-26T14:46:10.260735+00:00
8210CO11119,111191,SETU Green Road,,52.825738,-6.933882,,,,,2026-06-26T14:46:10.260735+00:00
8210CO11120,111201,Bourlum Wood,,52.823008,-6.9361,,,,,2026-06-26T14:46:10.260735+00:00
8210CO11121,111211,Carraig Abhainn,,52.825967,-6.937364,,,,,2026-06-26T14:46:10.260735+00:00
8210CO11122,111221,Rath Abhainn,,52.822572,-6.941705,,,,,2026-06-26T14:46:10.260735+00:00
8210CO11123,201011,Carlow Inst,,52.819176383642,-6.94491773727636,,,,,2026-06-26T14:46:10.260735+00:00
8210CO11125,111251,Sleaty Road,,52.844,-6.939655,,,,,2026-06-26T14:46:10.260735+00:00
8210CO11126,111261,Sleaty Street,,52.840491,-6.938241,,,,,2026-06-26T14:46:10.260735+00:00
8210CO11127,113911,Maryborough Street,,52.837085,-6.938369,,,,,2026-06-26T14:46:10.260735+00:00
8210CO11128,111281,Carlow Cstl,,52.836621,-6.935753,,,,,2026-06-26T14:46:10.260735+00:00
8210CO11129,111291,Kennedy Avenue,,52.835658,-6.931546,,,,,2026-06-26T14:46:10.260735+00:00
8210CO11132,111321,Pollerton Road,,52.836836,-6.918723,,,,,2026-06-26T14:46:10.260735+00:00
8210CO11133,111331,St Patrick's Avenue,,52.837255,-6.914409,,,,,2026-06-26T14:46:10.260735+00:00
8210CO11134,111341,Castlewood Gdns,,52.838683,-6.91136,,,,,2026-06-26T14:46:10.260735+00:00
8210CO11135,113921,Askea,,52.835379,-6.91079,,,,,2026-06-26T14:46:10.260735+00:00
8210CO11138,113951,Tullow Road,,52.831465,-6.907311,,,,,2026-06-26T14:46:10.260735+00:00
8210CO11139,111391,The Orchards,,52.8299889505304,-6.90325209027016,,,,,2026-06-26T14:46:10.260735+00:00
8210CO11140,113961,Chapelstown,,52.82797,-6.899742,,,,,2026-06-26T14:46:10.260735+00:00
8210CO11143,111431,Chapelstown,,52.827806,-6.899493,,,,,2026-06-26T14:46:10.260735+00:00
8210CO11145,112031,Tullow Road,,52.831191,-6.906873,,,,,2026-06-26T14:46:10.260735+00:00
8210CO11146,113931,Ashgrove,,52.830639,-6.912407,,,,,2026-06-26T14:46:10.260735+00:00
8210CO11147,113941,Mount Leinster Park,,52.833066,-6.9134,,,,,2026-06-26T14:46:10.260735+00:00
8210CO11148,111461,Askea,,52.835257,-6.911193,,,,,2026-06-26T14:46:10.260735+00:00
8210CO11149,111601,Castlewood Gdns,,52.838257,-6.911979,,,,,2026-06-26T14:46:10.260735+00:00
8210CO11151,113131,Pollerton Road,,52.836699,-6.919424,,,,,2026-06-26T14:46:10.260735+00:00
8210CO11154,111821,Kennedy Avenue,,52.835423,-6.931463,,,,,2026-06-26T14:46:10.260735+00:00
8210CO11155,111861,Carlow Cstl,,52.836651,-6.936064,,,,,2026-06-26T14:46:10.260735+00:00
8210CO11156,111871,Maryborough Street,,52.837867,-6.938305,,,,,2026-06-26T14:46:10.260735+00:00
8210CO11157,111881,Sleaty Street,,52.839859,-6.938004,,,,,2026-06-26T14:46:10.260735+00:00
8210CO11159,202001,Barrow Valley,,52.84543,-6.94105,,,,,2026-06-26T14:46:10.260735+00:00
8210CO11444,111421,The Orchards,,52.830137,-6.903679,,,,,2026-06-26T14:46:10.260735+00:00
8210IR0001,0,Muine Bheag (Bagenalstown),,52.69918,-6.952653,,,,,2026-06-26T14:46:10.260735+00:00
8210IR0002,0,Carlow,,52.840788,-6.922622,,,,,2026-06-26T14:46:10.260735+00:00
8210LL10441,14527,Bagenalstown North,,52.703237,-6.955709,,,,,2026-06-26T14:46:10.260735+00:00
8210LL10452,14518,Bagenalstown North,,52.70332,-6.95592,,,,,2026-06-26T14:46:10.260735+00:00
8210PB000008,351811,Royal Oak,,52.7024,-6.98482,,,,,2026-06-26T14:46:10.260735+00:00
822008203,8203,Visitor Centre,,53.36469,-6.33167,,,,,2026-06-26T14:46:10.260735+00:00
822008204,8204,Áras an Uachtaráin,,53.35938,-6.32384,,,,,2026-06-26T14:46:10.260735+00:00
822008205,8205,Dublin Zoo,,53.35173,-6.30548,,,,,2026-06-26T14:46:10.260735+00:00
822008206,8206,Park Gates,,53.34884,-6.29777,,,,,2026-06-26T14:46:10.260735+00:00
822008208,8208,Park Gates,,53.348995,-6.298737,,,,,2026-06-26T14:46:10.260735+00:00
822008209,8209,Dublin Zoo,,53.35169,-6.3057,,,,,2026-06-26T14:46:10.260735+00:00
822008210,8210,Áras an Uachtaráin,,53.358951,-6.32316,,,,,2026-06-26T14:46:10.260735+00:00
82202B008257,8257,St Kevin's College,,53.385027,-6.278198,,,,,2026-06-26T14:46:10.260735+00:00
8220B008367,8367,Broombridge,,53.372326,-6.299488,,,,,2026-06-26T14:46:10.260735+00:00
8220B1000401,100041,Clare Street,,53.341434,-6.251562,,,,,2026-06-26T14:46:10.260735+00:00
8220B100461,100461,Merrion Road,,53.3283555138789,-6.22837542799152,,,,,2026-06-26T14:46:10.260735+00:00
8220B1009001,100901,North Road,,53.4001982314926,-6.30834665852557,,,,,2026-06-26T14:46:10.260735+00:00
8220B1011301,101131,North Road,,53.40014650036,-6.30786746825518,,,,,2026-06-26T14:46:10.260735+00:00
8220B1011501,101151,Glasnevin,,53.369942933041,-6.27806175078419,,,,,2026-06-26T14:46:10.260735+00:00
8220B1021101,102111,Bachelors Walk,,53.346833,-6.262471,,,,,2026-06-26T14:46:10.260735+00:00
8220B1046101,104611,Merrion Row,,53.3385331896343,-6.25480444135106,,,,,2026-06-26T14:46:10.260735+00:00
8220B106421,106421,3Arena,,53.346899,-6.229431,,,,,2026-06-26T14:46:10.260735+00:00
8220B10995,10995,Heuston Station,,53.34587,-6.29366,,,,,2026-06-26T14:46:10.260735+00:00
8220B111761,111761,Westland Row Church,,53.342626,-6.250132,,,,,2026-06-26T14:46:10.260735+00:00
8220B111771,111771,Irish Life,,53.349115,-6.255619,,,,,2026-06-26T14:46:10.260735+00:00
8220B134961,134961,Dublin Busáras,,53.349913,-6.252387,,,,,2026-06-26T14:46:10.260735+00:00
8220B135001,135001,Dublin Busáras,,53.34981,-6.25203,,,,,2026-06-26T14:46:10.260735+00:00
8220B1350301,135031,Beresford Place,,53.3487549295197,-6.25495768638166,,,,,2026-06-26T14:46:10.260735+00:00
8220B1351001,135101,Wellington Quay,,53.3458641751298,-6.26381729294171,,,,,2026-06-26T14:46:10.260735+00:00
8220B1351201,135121,Connolly Station,,53.350218,-6.250527,,,,,2026-06-26T14:46:10.260735+00:00
8220B1351401,135141,George's Quay,,53.34737,-6.25346,,,,,2026-06-26T14:46:10.260735+00:00
8220B1352701,135271,Custom Hse Quay,,53.348359,-6.253712,,,,,2026-06-26T14:46:10.260735+00:00
8220B1353101,135311,Wilton Terrace,,53.333451,-6.249021,,,,,2026-06-26T14:46:10.260735+00:00
8220B1353301,135331,Dawson Street,,53.340134371715,-6.25858361137312,,,,,2026-06-26T14:46:10.260735+00:00
8220B1353501,135351,Eden Quay,,53.3478,-6.258496,,,,,2026-06-26T14:46:10.260735+00:00
8220B1354001,135401,Heuston Station,,53.346033,-6.292647,,,,,2026-06-26T14:46:10.260735+00:00
8220B135411,135411,Wilton Terrace,,53.333421,-6.249085,,,,,2026-06-26T14:46:10.260735+00:00
8220B1354201,135421,Heuston Station,,53.34622,-6.29257,,,,,2026-06-26T14:46:10.260735+00:00
8220B211521,211521,Merrion Sq West,,53.3409101463996,-6.25078764576979,,,,,2026-06-26T14:46:10.260735+00:00
8220B3551501,355151,Vincent's Hospital,,53.317358,-6.215983,,,,,2026-06-26T14:46:10.260735+00:00
8220DB000002,2,Parnell Square West,,53.3522443611383,-6.26372321891887,,,,,2026-06-26T14:46:10.260735+00:00
8220DB000003,3,Parnell Sq West,,53.352309,-6.263811,,,,,2026-06-26T14:46:10.260735+00:00
8220DB000005,5,Parnell Square West,,53.3525736395204,-6.26411543286632,,,,,2026-06-26T14:46:10.260735+00:00
8220DB000007,7,Parnell Sq West,,53.352841,-6.26457,,,,,2026-06-26T14:46:10.260735+00:00
8220DB000008,8,Parnell Sq West,,53.353272,-6.265184,,,,,2026-06-26T14:46:10.260735+00:00
8220DB000010,10,Parnell Square West,,53.3533921036473,-6.26538912389954,,,,,2026-06-26T14:46:10.260735+00:00
8220DB000011,11,St Joseph's Parade,,53.3568152335295,-6.26467919507526,,,,,2026-06-26T14:46:10.260735+00:00
8220DB000012,12,Dorset Street Upr,,53.357107,-6.264382,,,,,2026-06-26T14:46:10.260735+00:00
8220DB000014,14,Eccles Place,,53.358531,-6.262777,,,,,2026-06-26T14:46:10.260735+00:00
8220DB000015,15,Dorset Street Lwr,,53.360267,-6.260978,,,,,2026-06-26T14:46:10.260735+00:00
8220DB000016,16,John Paul Park,,53.36644,-6.30565,,,,,2026-06-26T14:46:10.260735+00:00
8220DB000017,17,Drumcondra Stn,,53.363078,-6.258399,,,,,2026-06-26T14:46:10.260735+00:00
8220DB000018,18,Archbishop's House,,53.365856,-6.255957,,,,,2026-06-26T14:46:10.260735+00:00
8220DB000019,19,Botanic Ave,,53.367235,-6.2556,,,,,2026-06-26T14:46:10.260735+00:00
8220DB000021,21,Drumcondra Village,,53.370101,-6.254311,,,,,2026-06-26T14:46:10.260735+00:00
8220DB000022,22,Home Farm Road,,53.3735036097406,-6.25280375269006,,,,,2026-06-26T14:46:10.260735+00:00
8220DB000023,23,Ferguson Road,,53.3742282800791,-6.256261004167,,,,,2026-06-26T14:46:10.260735+00:00
8220DB000024,24,Walsh Road,,53.3751331588841,-6.26037234812319,,,,,2026-06-26T14:46:10.260735+00:00
8220DB000025,25,Rathlin Road,,53.3758994661474,-6.26361773641709,,,,,2026-06-26T14:46:10.260735+00:00
8220DB000027,27,Ballymun Road,,53.3794389600107,-6.26658526126003,,,,,2026-06-26T14:46:10.260735+00:00
8220DB000028,28,Hampstead Avenue,,53.381578637628,-6.26600227077738,,,,,2026-06-26T14:46:10.260735+00:00
8220DB000029,29,Albert College Park,,53.3834882529457,-6.26566910125417,,,,,2026-06-26T14:46:10.260735+00:00
8220DB000030,30,Ventry Park,,53.370331900193,-6.30460116922913,,,,,2026-06-26T14:46:10.260735+00:00
8220DB000031,31,St Pappin's Road,,53.3860332259144,-6.268858077275,,,,,2026-06-26T14:46:10.260735+00:00
8220DB000032,32,Stormanstown Road,,53.3861955680738,-6.2713772010414,,,,,2026-06-26T14:46:10.260735+00:00
8220DB000033,33,Glasnevin Drive,,53.3887179243058,-6.27177114122451,,,,,2026-06-26T14:46:10.260735+00:00
8220DB000035,35,Dean Swift Road,,53.3862067871013,-6.270910692541,,,,,2026-06-26T14:46:10.260735+00:00
8220DB000036,36,Maolbuille Road,,53.386126850411,-6.26787706978339,,,,,2026-06-26T14:46:10.260735+00:00
8220DB000037,37,DCU Ballymun Road,,53.385346401194,-6.26488698131794,,,,,2026-06-26T14:46:10.260735+00:00
8220DB000038,38,Hampstead Avenue,,53.3822365941636,-6.26550952120506,,,,,2026-06-26T14:46:10.260735+00:00
8220DB000039,39,The Rise,,53.3804141869323,-6.26565875906589,,,,,2026-06-26T14:46:10.260735+00:00
8220DB000040,40,Stella Avenue,,53.3766607654507,-6.26466896852794,,,,,2026-06-26T14:46:10.260735+00:00
8220DB000041,41,Home Farm Road,,53.3755592683258,-6.26185800624669,,,,,2026-06-26T14:46:10.260735+00:00
8220DB000042,42,Corpus Christi NS,,53.3746502734575,-6.25746118972134,,,,,2026-06-26T14:46:10.260735+00:00
8220DB000043,43,Achill Road,,53.3738612202267,-6.25390131043392,,,,,2026-06-26T14:46:10.260735+00:00
8220DB000044,44,Home Farm Rd East,,53.373017,-6.252132,,,,,2026-06-26T14:46:10.260735+00:00
8220DB000045,45,Drumcondra Village,,53.369936,-6.254107,,,,,2026-06-26T14:46:10.260735+00:00
8220DB000046,46,Botanic Ave,,53.367131,-6.255259,,,,,2026-06-26T14:46:10.260735+00:00
8220DB000047,47,Archbishop's House,,53.363916,-6.257298,,,,,2026-06-26T14:46:10.260735+00:00
8220DB000048,48,Drumcondra Stn,,53.362257,-6.258808,,,,,2026-06-26T14:46:10.260735+00:00
8220DB000049,49,Dorset Street Lwr,,53.360004,-6.260853,,,,,2026-06-26T14:46:10.260735+00:00
8220DB000051,51,Eccles Place,,53.35781,-6.263272,,,,,2026-06-26T14:46:10.260735+00:00
8220DB000052,52,Dorset Street Upr,,53.356661,-6.264565,,,,,2026-06-26T14:46:10.260735+00:00
8220DB000053,53,Synnott Row,,53.359943,-6.262817,,,,,2026-06-26T14:46:10.260735+00:00
8220DB000054,54,The Mater Hospital,,53.360222,-6.265908,,,,,2026-06-26T14:46:10.260735+00:00
8220DB000055,55,Mountjoy Prison,,53.360412,-6.26847,,,,,2026-06-26T14:46:10.260735+00:00
8220DB000056,56,Phibsborough Church,,53.36076,-6.276374,,,,,2026-06-26T14:46:10.260735+00:00
8220DB000057,57,Dalymount,,53.36076,-6.2766,,,,,2026-06-26T14:46:10.260735+00:00
8220DB000058,58,Phibsborough Luas,,53.360946,-6.281204,,,,,2026-06-26T14:46:10.260735+00:00
8220DB000059,59,Cabra Road,,53.361018,-6.284943,,,,,2026-06-26T14:46:10.260735+00:00
8220DB000060,60,Quarry Road,,53.361279,-6.289364,,,,,2026-06-26T14:46:10.260735+00:00
8220DB000063,63,Fassaugh Avenue,,53.366792,-6.29275,,,,,2026-06-26T14:46:10.260735+00:00
8220DB000064,64,Cabra West Ch,,53.367089,-6.295233,,,,,2026-06-26T14:46:10.260735+00:00
8220DB000065,65,Dingle Road,,53.367255,-6.298051,,,,,2026-06-26T14:46:10.260735+00:00
8220DB000066,66,Killala Road,,53.367275,-6.30074,,,,,2026-06-26T14:46:10.260735+00:00
8220DB000068,68,Ventry Drive,,53.369078,-6.304245,,,,,2026-06-26T14:46:10.260735+00:00
8220DB000069,69,Carnlough Road,,53.37137,-6.30327,,,,,2026-06-26T14:46:10.260735+00:00
8220DB000071,71,Ventry Park,,53.370258,-6.304439,,,,,2026-06-26T14:46:10.260735+00:00
8220DB000072,72,Ventry Drive,,53.36897,-6.304265,,,,,2026-06-26T14:46:10.260735+00:00
8220DB000073,73,Killala Road,,53.367392,-6.300721,,,,,2026-06-26T14:46:10.260735+00:00
8220DB000074,74,Cabra West Ch,,53.3672,-6.295499,,,,,2026-06-26T14:46:10.260735+00:00
8220DB000075,75,Fionnbarra GAA,,53.366547,-6.291317,,,,,2026-06-26T14:46:10.260735+00:00
8220DB000077,77,Quarry Road,,53.361309,-6.289574,,,,,2026-06-26T14:46:10.260735+00:00
8220DB000078,78,Cabra Road,,53.361149,-6.284066,,,,,2026-06-26T14:46:10.260735+00:00
8220DB000079,79,Phibsborough Luas,,53.361021,-6.280796,,,,,2026-06-26T14:46:10.260735+00:00
8220DB000080,80,Phibsborough Church,,53.360863,-6.276054,,,,,2026-06-26T14:46:10.260735+00:00
8220DB000081,81,Phibsborough,,53.360876,-6.271967,,,,,2026-06-26T14:46:10.260735+00:00
8220DB000082,82,Doyle's Corner,,53.360798,-6.271549,,,,,2026-06-26T14:46:10.260735+00:00
8220DB000083,83,The Mater Hospital,,53.36029,-6.26529,,,,,2026-06-26T14:46:10.260735+00:00
8220DB000084,84,Synnott Row,,53.360163,-6.263702,,,,,2026-06-26T14:46:10.260735+00:00
8220DB000085,85,Home Farm Rd East,,53.373958,-6.251913,,,,,2026-06-26T14:46:10.260735+00:00
8220DB000087,87,Clare Road,,53.3767517255719,-6.2548802899246,,,,,2026-06-26T14:46:10.260735+00:00
8220DB000088,88,Walnut Rise,,53.3772872552991,-6.2576992286456,,,,,2026-06-26T14:46:10.260735+00:00
8220DB000090,90,Albert College Ct,,53.3863855316738,-6.26526567275522,,,,,2026-06-26T14:46:10.260735+00:00
8220DB000091,91,Ballymun Road NS,,53.3884278896483,-6.26540814207682,,,,,2026-06-26T14:46:10.260735+00:00
8220DB000092,92,Ballymun Library,,53.389837,-6.264674,,,,,2026-06-26T14:46:10.260735+00:00
8220DB000093,93,Gateway Avenue,,53.392302,-6.264153,,,,,2026-06-26T14:46:10.260735+00:00
8220DB000094,94,Civic Centre,,53.3960347624115,-6.26437695995448,,,,,2026-06-26T14:46:10.260735+00:00
8220DB000102,102,Balbutcher Lane,,53.397773070166,-6.26771985697013,,,,,2026-06-26T14:46:10.260735+00:00
8220DB000104,104,Poppintree Parade,,53.399771,-6.276819,,,,,2026-06-26T14:46:10.260735+00:00
8220DB000105,105,Belclare Park,,53.4029363966818,-6.28169269646949,,,,,2026-06-26T14:46:10.260735+00:00
8220DB000107,107,Crannogue Road,,53.4023798987989,-6.28049690990612,,,,,2026-06-26T14:46:10.260735+00:00
8220DB000110,110,Ard na Meala,,53.3979386409613,-6.26860038147331,,,,,2026-06-26T14:46:10.260735+00:00
8220DB000112,112,Civic Centre,,53.3961544015462,-6.2639510403018,,,,,2026-06-26T14:46:10.260735+00:00
8220DB000113,113,Trinity Comp School,,53.3922679629262,-6.26370325464247,,,,,2026-06-26T14:46:10.260735+00:00
8220DB000114,114,Ballymun Road,,53.3913333220544,-6.26371122925237,,,,,2026-06-26T14:46:10.260735+00:00
8220DB000115,115,Ballymun Rd Ch,,53.3879640919871,-6.26503610048148,,,,,2026-06-26T14:46:10.260735+00:00
8220DB000116,116,Griffith Lawns,,53.377693,-6.259667,,,,,2026-06-26T14:46:10.260735+00:00
8220DB000117,117,Walnut Rise,,53.377366,-6.257546,,,,,2026-06-26T14:46:10.260735+00:00
8220DB000118,118,Clare Road,,53.376643,-6.253592,,,,,2026-06-26T14:46:10.260735+00:00
8220DB000119,119,Whitehall Village,,53.375191,-6.250766,,,,,2026-06-26T14:46:10.260735+00:00
8220DB000126,126,Nursing Home,,53.399096,-6.264087,,,,,2026-06-26T14:46:10.260735+00:00
8220DB000127,127,Nursing Home,,53.3991075304805,-6.26368042823971,,,,,2026-06-26T14:46:10.260735+00:00
8220DB000128,128,Glasnevin Avenue,,53.389268,-6.26569,,,,,2026-06-26T14:46:10.260735+00:00
8220DB000129,129,Glasnevin Drive,,53.38989,-6.271423,,,,,2026-06-26T14:46:10.260735+00:00
8220DB000130,130,Glasnevin Park,,53.390092,-6.274181,,,,,2026-06-26T14:46:10.260735+00:00
8220DB000131,131,Willow Park Road,,53.390386,-6.278349,,,,,2026-06-26T14:46:10.260735+00:00
8220DB000132,132,Beneavin Park,,53.3905207424932,-6.2827191236982,,,,,2026-06-26T14:46:10.260735+00:00
8220DB000134,134,Grove Road,,53.393095,-6.286074,,,,,2026-06-26T14:46:10.260735+00:00
8220DB000136,136,McKee Rd N,,53.39438,-6.289857,,,,,2026-06-26T14:46:10.260735+00:00
8220DB000137,137,McKee Road,,53.392317,-6.292631,,,,,2026-06-26T14:46:10.260735+00:00
8220DB000138,138,St Canice's BNS,,53.3899950092672,-6.29180657264741,,,,,2026-06-26T14:46:10.260735+00:00
8220DB000139,139,Grove Park Road,,53.390602,-6.28646,,,,,2026-06-26T14:46:10.260735+00:00
8220DB000140,140,Beneavin Park,,53.3906344923641,-6.28250404674216,,,,,2026-06-26T14:46:10.260735+00:00
8220DB000141,141,Willow Park Road,,53.3904450850916,-6.27809124468715,,,,,2026-06-26T14:46:10.260735+00:00
8220DB000142,142,Glasnevin Park,,53.3901982852621,-6.27407172195534,,,,,2026-06-26T14:46:10.260735+00:00
8220DB000143,143,Willow Park Avenue,,53.389876708405,-6.2692433699802,,,,,2026-06-26T14:46:10.260735+00:00
8220DB000146,146,Na Fianna GAA Club,,53.3750401276319,-6.26509558567468,,,,,2026-06-26T14:46:10.260735+00:00
8220DB000147,147,Tolka Br,,53.37248,-6.265831,,,,,2026-06-26T14:46:10.260735+00:00
8220DB000148,148,Mobhi Road,,53.3706701663468,-6.26806850705825,,,,,2026-06-26T14:46:10.260735+00:00
8220DB000149,149,Tolka Br,,53.373139,-6.265985,,,,,2026-06-26T14:46:10.260735+00:00
8220DB000150,150,Na Fianna GAA Club,,53.3756588461862,-6.26499528302822,,,,,2026-06-26T14:46:10.260735+00:00
8220DB000151,151,Botanic Gardens,,53.371955,-6.269294,,,,,2026-06-26T14:46:10.260735+00:00
8220DB000153,153,Met Éireann,,53.375689,-6.270134,,,,,2026-06-26T14:46:10.260735+00:00
8220DB000154,154,Cremore Ave,,53.377259,-6.275557,,,,,2026-06-26T14:46:10.260735+00:00
8220DB000155,155,Ol Finglas Rd,,53.37792,-6.27951,,,,,2026-06-26T14:46:10.260735+00:00
8220DB000156,156,Northland Gr,,53.378623,-6.281665,,,,,2026-06-26T14:46:10.260735+00:00
8220DB000157,157,Tolka Estate,,53.380412,-6.281638,,,,,2026-06-26T14:46:10.260735+00:00
8220DB000158,158,Griffith Road,,53.381482,-6.283564,,,,,2026-06-26T14:46:10.260735+00:00
8220DB000159,159,Griffith Parade,,53.3827837191573,-6.28283511246108,,,,,2026-06-26T14:46:10.260735+00:00
8220DB000163,163,Ferndale Ave,,53.387151,-6.279637,,,,,2026-06-26T14:46:10.260735+00:00
8220DB000170,170,Ferndale Ave,,53.386966,-6.279269,,,,,2026-06-26T14:46:10.260735+00:00
8220DB000173,173,Glasnamana Pl,,53.382122,-6.280547,,,,,2026-06-26T14:46:10.260735+00:00
8220DB000174,174,Tolka Estate,,53.3806803549474,-6.28095056210771,,,,,2026-06-26T14:46:10.260735+00:00
8220DB000175,175,Northland Gr,,53.378424,-6.281568,,,,,2026-06-26T14:46:10.260735+00:00
8220DB000176,176,Ol Finglas Rd,,53.378032,-6.279299,,,,,2026-06-26T14:46:10.260735+00:00
8220DB000177,177,Glasilawn Road,,53.380468,-6.276224,,,,,2026-06-26T14:46:10.260735+00:00
8220DB000178,178,Ballygall Rd E,,53.38189,-6.276347,,,,,2026-06-26T14:46:10.260735+00:00
8220DB000179,179,Glasilawn Road,,53.380303,-6.276005,,,,,2026-06-26T14:46:10.260735+00:00
8220DB000180,180,Cremore Crescent,,53.37844,-6.276396,,,,,2026-06-26T14:46:10.260735+00:00
8220DB000181,181,Cremore Ave,,53.37715,-6.274224,,,,,2026-06-26T14:46:10.260735+00:00
8220DB000182,182,Met Éireann,,53.375657,-6.269805,,,,,2026-06-26T14:46:10.260735+00:00
8220DB000183,183,Botanic Gardens,,53.372316,-6.268753,,,,,2026-06-26T14:46:10.260735+00:00
8220DB000184,184,Fairfield Rd,,53.369704,-6.268979,,,,,2026-06-26T14:46:10.260735+00:00
8220DB000185,185,Wayfinding Centre,,53.368101,-6.270021,,,,,2026-06-26T14:46:10.260735+00:00
8220DB000186,186,Hart's Corner,,53.365355,-6.27159,,,,,2026-06-26T14:46:10.260735+00:00
8220DB000187,187,Munster Street,,53.362734,-6.272447,,,,,2026-06-26T14:46:10.260735+00:00
8220DB000188,188,Doyle's Corner,,53.360121,-6.272583,,,,,2026-06-26T14:46:10.260735+00:00
8220DB000189,189,Phibsborough Road,,53.357167,-6.273469,,,,,2026-06-26T14:46:10.260735+00:00
8220DB000190,190,Broadstone,,53.3551257304144,-6.27337107400574,,,,,2026-06-26T14:46:10.260735+00:00
8220DB000191,191,Western Way,,53.35514,-6.26981,,,,,2026-06-26T14:46:10.260735+00:00
8220DB000192,192,Mountjoy Street,,53.356397,-6.268077,,,,,2026-06-26T14:46:10.260735+00:00
8220DB000193,193,Clune Road,,53.391196,-6.294104,,,,,2026-06-26T14:46:10.260735+00:00
8220DB000194,194,Western Way,,53.3550406495518,-6.26997931103774,,,,,2026-06-26T14:46:10.260735+00:00
8220DB000195,195,Broadstone,,53.3550117778767,-6.27357097973096,,,,,2026-06-26T14:46:10.260735+00:00
8220DB000196,196,Phibsborough Road,,53.356884,-6.273751,,,,,2026-06-26T14:46:10.260735+00:00
8220DB000197,197,Monck Place,,53.358953,-6.273231,,,,,2026-06-26T14:46:10.260735+00:00
8220DB000198,198,Doyle's Corner,,53.361625,-6.272838,,,,,2026-06-26T14:46:10.260735+00:00
8220DB000199,199,Munster Street,,53.363622,-6.272291,,,,,2026-06-26T14:46:10.260735+00:00
8220DB000200,200,Prospect Way,,53.367423,-6.271596,,,,,2026-06-26T14:46:10.260735+00:00
8220DB000201,201,Wayfinding Centre,,53.368291,-6.270119,,,,,2026-06-26T14:46:10.260735+00:00
8220DB000202,202,Fairfield Rd,,53.37008,-6.268904,,,,,2026-06-26T14:46:10.260735+00:00
8220DB000203,203,Whitehall Village,,53.376393,-6.25001,,,,,2026-06-26T14:46:10.260735+00:00
8220DB000204,204,Plunket College,,53.379588,-6.246662,,,,,2026-06-26T14:46:10.260735+00:00
8220DB000205,205,Iveragh Road,,53.381375,-6.245326,,,,,2026-06-26T14:46:10.260735+00:00
8220DB000206,206,Larkhill Rd,,53.383546,-6.247477,,,,,2026-06-26T14:46:10.260735+00:00
8220DB000207,207,Larkhill Road,,53.384822,-6.249875,,,,,2026-06-26T14:46:10.260735+00:00
8220DB000208,208,Glendun Road,,53.3866539303158,-6.24795040815756,,,,,2026-06-26T14:46:10.260735+00:00
8220DB000209,209,Larkhill Road,,53.387271,-6.24591,,,,,2026-06-26T14:46:10.260735+00:00
8220DB000210,210,Crestfield Road,,53.387594,-6.248318,,,,,2026-06-26T14:46:10.260735+00:00
8220DB000211,211,Falcarragh Rd,,53.384281,-6.24916,,,,,2026-06-26T14:46:10.260735+00:00
8220DB000212,212,Larkhill Rd,,53.383196,-6.246258,,,,,2026-06-26T14:46:10.260735+00:00
8220DB000213,213,Iveragh Road,,53.38145,-6.244872,,,,,2026-06-26T14:46:10.260735+00:00
8220DB000214,214,Plunket College,,53.379408,-6.246655,,,,,2026-06-26T14:46:10.260735+00:00
8220DB000215,215,Whitehall Cross,,53.381872,-6.242449,,,,,2026-06-26T14:46:10.260735+00:00
8220DB000216,216,Yellow Road,,53.382331,-6.238191,,,,,2026-06-26T14:46:10.260735+00:00
8220DB000217,217,Grace Park Ct,,53.384324,-6.236801,,,,,2026-06-26T14:46:10.260735+00:00
8220DB000218,218,Shantalla Road,,53.385924,-6.233788,,,,,2026-06-26T14:46:10.260735+00:00
8220DB000220,220,Shantalla Br,,53.38794,-6.244981,,,,,2026-06-26T14:46:10.260735+00:00
8220DB000228,228,Shanliss Road,,53.391877,-6.25972,,,,,2026-06-26T14:46:10.260735+00:00
8220DB000233,233,Shantalla Road,,53.385821,-6.233537,,,,,2026-06-26T14:46:10.260735+00:00
8220DB000234,234,Beaumont Grove,,53.384951,-6.234821,,,,,2026-06-26T14:46:10.260735+00:00
8220DB000235,235,Grace Park Ct,,53.383297,-6.237249,,,,,2026-06-26T14:46:10.260735+00:00
8220DB000236,236,Yellow Road,,53.38208,-6.23819,,,,,2026-06-26T14:46:10.260735+00:00
8220DB000237,237,Whitehall Cross,,53.382032,-6.243525,,,,,2026-06-26T14:46:10.260735+00:00
8220DB000242,242,Coolgreena Rd,,53.385655,-6.23201,,,,,2026-06-26T14:46:10.260735+00:00
8220DB000243,243,Beaumont Crescent,,53.38578,-6.22954,,,,,2026-06-26T14:46:10.260735+00:00
8220DB000244,244,Skelly's Lane,,53.384998,-6.223498,,,,,2026-06-26T14:46:10.260735+00:00
8220DB000245,245,Whitethorn Rise,,53.384472,-6.219567,,,,,2026-06-26T14:46:10.260735+00:00
8220DB000246,246,Artaine Castle,,53.385151,-6.216231,,,,,2026-06-26T14:46:10.260735+00:00
8220DB000247,247,Maryfield Drive,,53.386976,-6.214501,,,,,2026-06-26T14:46:10.260735+00:00
8220DB000248,248,Maryfield Drive,,53.3855645601725,-6.21446963135785,,,,,2026-06-26T14:46:10.260735+00:00
8220DB000249,249,Artaine Castle,,53.384934,-6.21615,,,,,2026-06-26T14:46:10.260735+00:00
8220DB000250,250,Whitethorn Rise,,53.384419,-6.220245,,,,,2026-06-26T14:46:10.260735+00:00
8220DB000251,251,Skelly's Lane,,53.384832,-6.22322,,,,,2026-06-26T14:46:10.260735+00:00
8220DB000252,252,Beaumont Crescent,,53.385568,-6.22797,,,,,2026-06-26T14:46:10.260735+00:00
8220DB000253,253,Beaumont Hospital,,53.389963,-6.224299,,,,,2026-06-26T14:46:10.260735+00:00
8220DB000254,254,Beaumont Hospital,,53.390265,-6.224106,,,,,2026-06-26T14:46:10.260735+00:00
8220DB000255,255,Coolgreena Rd,,53.385594,-6.231532,,,,,2026-06-26T14:46:10.260735+00:00
8220DB000259,259,Grace Park Rd,,53.374011,-6.243885,,,,,2026-06-26T14:46:10.260735+00:00
8220DB000261,261,Parnell Sq East,,53.354056,-6.262853,,,,,2026-06-26T14:46:10.260735+00:00
8220DB000262,262,Parnell Sq East,,53.353947,-6.262753,,,,,2026-06-26T14:46:10.260735+00:00
8220DB000263,263,Parnell Sq East,,53.353746,-6.262505,,,,,2026-06-26T14:46:10.260735+00:00
8220DB000264,264,Parnell Square East,,53.353316,-6.26197,,,,,2026-06-26T14:46:10.260735+00:00
8220DB000265,265,Parnell Square East,,53.353122,-6.261658,,,,,2026-06-26T14:46:10.260735+00:00
8220DB000270,270,O'Connell St Upr,,53.350623,-6.260424,,,,,2026-06-26T14:46:10.260735+00:00
8220DB000271,271,O'Connell St Lwr,,53.348596,-6.259485,,,,,2026-06-26T14:46:10.260735+00:00
8220DB000273,273,O'Connell Br,,53.347247,-6.258819,,,,,2026-06-26T14:46:10.260735+00:00
8220DB000274,274,O'Connell St Upper,,53.3503490838222,-6.26072086862175,,,,,2026-06-26T14:46:10.260735+00:00
8220DB000276,276,River Road,,53.377402,-6.331797,,,,,2026-06-26T14:46:10.260735+00:00
8220DB000277,277,O'Connell St Upper,,53.350822325818,-6.26050631978692,,,,,2026-06-26T14:46:10.260735+00:00
8220DB000278,278,O'Connell St Upr,,53.351561,-6.261227,,,,,2026-06-26T14:46:10.260735+00:00
8220DB000279,279,O'Connell St Upr,,53.350132,-6.26061,,,,,2026-06-26T14:46:10.260735+00:00
8220DB000281,281,O'Connell St Upper,,53.351343,-6.261116,,,,,2026-06-26T14:46:10.260735+00:00
8220DB000284,284,Rathbourne Avenue,,53.377283,-6.328389,,,,,2026-06-26T14:46:10.260735+00:00
8220DB000286,286,Cathal Brugha St,,53.352171,-6.259911,,,,,2026-06-26T14:46:10.260735+00:00
8220DB000288,288,Irish Life,,53.349169,-6.255602,,,,,2026-06-26T14:46:10.260735+00:00
8220DB000289,289,Abbey St,,53.349035,-6.256298,,,,,2026-06-26T14:46:10.260735+00:00
8220DB000292,292,Abbey St Lower,,53.3492,-6.255255,,,,,2026-06-26T14:46:10.260735+00:00
8220DB000297,297,Eden Quay,,53.3481432679358,-6.25677012601713,,,,,2026-06-26T14:46:10.260735+00:00
8220DB000298,298,Eden Quay,,53.348201,-6.256392,,,,,2026-06-26T14:46:10.260735+00:00
8220DB000299,299,Eden Quay,,53.348242,-6.256135,,,,,2026-06-26T14:46:10.260735+00:00
8220DB000300,300,Eden Quay,,53.348299,-6.255757,,,,,2026-06-26T14:46:10.260735+00:00
8220DB000301,301,Eden Quay,,53.347988,-6.256626,,,,,2026-06-26T14:46:10.260735+00:00
8220DB000302,302,Eden Quay,,53.348038,-6.256339,,,,,2026-06-26T14:46:10.260735+00:00
8220DB000303,303,Eden Quay,,53.34806,-6.255992,,,,,2026-06-26T14:46:10.260735+00:00
8220DB000307,307,O'Donovan Rd,,53.334577,-6.280087,,,,,2026-06-26T14:46:10.260735+00:00
8220DB000308,308,Oscar Square,,53.336771,-6.279534,,,,,2026-06-26T14:46:10.260735+00:00
8220DB000309,309,Ardee St,,53.33784,-6.27895,,,,,2026-06-26T14:46:10.260735+00:00
8220DB000312,312,Wellington Quay,,53.3454764728264,-6.2662061554843,,,,,2026-06-26T14:46:10.260735+00:00
8220DB000315,315,Bachelors Walk,,53.347028,-6.261667,,,,,2026-06-26T14:46:10.260735+00:00
8220DB000316,316,Bachelors Walk,,53.346893,-6.262228,,,,,2026-06-26T14:46:10.260735+00:00
8220DB000317,317,Westmoreland Street,,53.346526,-6.259269,,,,,2026-06-26T14:46:10.260735+00:00
8220DB000319,319,Westmoreland Street,,53.34622,-6.25929,,,,,2026-06-26T14:46:10.260735+00:00
8220DB000320,320,Westmoreland Street,,53.3456456323889,-6.25930523253448,,,,,2026-06-26T14:46:10.260735+00:00
8220DB000325,325,Aston Quay,,53.3466970502533,-6.2599082595371,,,,,2026-06-26T14:46:10.260735+00:00
8220DB000328,328,Aston Quay,,53.346333,-6.26144,,,,,2026-06-26T14:46:10.260735+00:00
8220DB000329,329,Aston Quay,,53.346274,-6.261683,,,,,2026-06-26T14:46:10.260735+00:00
8220DB000333,333,D'Olier Street,,53.346692,-6.258346,,,,,2026-06-26T14:46:10.260735+00:00
8220DB000334,334,D'Olier Street,,53.346581,-6.258126,,,,,2026-06-26T14:46:10.260735+00:00
8220DB000335,335,D'Olier Street,,53.346361,-6.257849,,,,,2026-06-26T14:46:10.260735+00:00
8220DB000336,336,D'Olier Street,,53.346252,-6.257719,,,,,2026-06-26T14:46:10.260735+00:00
8220DB000340,340,Townsend Street,,53.345975,-6.256017,,,,,2026-06-26T14:46:10.260735+00:00
8220DB000341,341,South Townsend St,,53.345945,-6.256424,,,,,2026-06-26T14:46:10.260735+00:00
8220DB000345,345,Pearse St Garda Stn,,53.345476,-6.256293,,,,,2026-06-26T14:46:10.260735+00:00
8220DB000350,350,Lombard Street East,,53.345632,-6.249768,,,,,2026-06-26T14:46:10.260735+00:00
8220DB000351,351,Erne Street,,53.3434182647907,-6.24530817378361,,,,,2026-06-26T14:46:10.260735+00:00
8220DB000352,352,Pearse Sq,,53.342989,-6.242412,,,,,2026-06-26T14:46:10.260735+00:00
8220DB000353,353,Grnd Canal Quay,,53.34263,-6.2396,,,,,2026-06-26T14:46:10.260735+00:00
8220DB000354,354,Ringsend Road,,53.3422358280174,-6.2364356898267,,,,,2026-06-26T14:46:10.260735+00:00
8220DB000355,355,Ringsend Depot,,53.341817,-6.233059,,,,,2026-06-26T14:46:10.260735+00:00
8220DB000356,356,Ringsend Village,,53.341903,-6.226717,,,,,2026-06-26T14:46:10.260735+00:00
8220DB000357,357,Irishtown Rd,,53.339171,-6.223122,,,,,2026-06-26T14:46:10.260735+00:00
8220DB000358,358,Sean Moore Rd,,53.339027,-6.21709,,,,,2026-06-26T14:46:10.260735+00:00
8220DB000369,369,Sean Moore Rd,,53.340791,-6.212528,,,,,2026-06-26T14:46:10.260735+00:00
8220DB000371,371,Irishtown Rd,,53.338613,-6.223055,,,,,2026-06-26T14:46:10.260735+00:00
8220DB000372,372,Star of the Sea,,53.3354881469499,-6.21965567144901,,,,,2026-06-26T14:46:10.260735+00:00
8220DB000373,373,Farney Park,,53.3342753312713,-6.21788927259654,,,,,2026-06-26T14:46:10.260735+00:00
8220DB000374,374,Sandymount,,53.3332284399006,-6.21640134211922,,,,,2026-06-26T14:46:10.260735+00:00
8220DB000375,375,Dromard Terrace,,53.3340611346518,-6.2143845130625,,,,,2026-06-26T14:46:10.260735+00:00
8220DB000381,381,St John's Church,,53.3243237661065,-6.21237419337667,,,,,2026-06-26T14:46:10.260735+00:00
8220DB000385,385,Newgrove Avenue,,53.332351,-6.211228,,,,,2026-06-26T14:46:10.260735+00:00
8220DB000387,387,Sandymount,,53.332499,-6.215741,,,,,2026-06-26T14:46:10.260735+00:00
8220DB000388,388,Farney Park,,53.334509,-6.21848,,,,,2026-06-26T14:46:10.260735+00:00
8220DB000389,389,Star of the Sea,,53.33529,-6.219634,,,,,2026-06-26T14:46:10.260735+00:00
8220DB000390,390,Tritonville Road,,53.3376299137845,-6.2222394793377,,,,,2026-06-26T14:46:10.260735+00:00
8220DB000391,391,St Brendan's Ctgs,,53.340064,-6.223925,,,,,2026-06-26T14:46:10.260735+00:00
8220DB000392,392,Ringsend Village,,53.341734,-6.227415,,,,,2026-06-26T14:46:10.260735+00:00
8220DB000393,393,Tritonville Road,,53.336904,-6.222375,,,,,2026-06-26T14:46:10.260735+00:00
8220DB000395,395,Ringsend Road,,53.34194,-6.235277,,,,,2026-06-26T14:46:10.260735+00:00
8220DB000396,396,Grnd Canal Quay,,53.34247,-6.23968,,,,,2026-06-26T14:46:10.260735+00:00
8220DB000397,397,Pearse Sq,,53.342786,-6.242015,,,,,2026-06-26T14:46:10.260735+00:00
8220DB000398,398,Erne Street,,53.3432949350358,-6.24547844686789,,,,,2026-06-26T14:46:10.260735+00:00
8220DB000399,399,Pearse Street,,53.343867,-6.248309,,,,,2026-06-26T14:46:10.260735+00:00
8220DB000400,400,Shaw Street,,53.344849,-6.25339,,,,,2026-06-26T14:46:10.260735+00:00
8220DB000403,403,Nassau Street,,53.342714,-6.256706,,,,,2026-06-26T14:46:10.260735+00:00
8220DB000404,404,Nassau Street,,53.342663,-6.256348,,,,,2026-06-26T14:46:10.260735+00:00
8220DB000405,405,Nassau Street,,53.3424816891816,-6.2556043726643,,,,,2026-06-26T14:46:10.260735+00:00
8220DB000406,406,Nassau Street,,53.342606,-6.256125,,,,,2026-06-26T14:46:10.260735+00:00
8220DB000407,407,Custom House,,53.348335,-6.253893,,,,,2026-06-26T14:46:10.260735+00:00
8220DB000408,408,Merrion Sq North,,53.3409707826238,-6.25001923957642,,,,,2026-06-26T14:46:10.260735+00:00
8220DB000409,409,Holles Street,,53.3401367313169,-6.24769559556976,,,,,2026-06-26T14:46:10.260735+00:00
8220DB000410,410,Mount Street Lower,,53.338814,-6.24389,,,,,2026-06-26T14:46:10.260735+00:00
8220DB000411,411,Mount Street Br,,53.338117,-6.241772,,,,,2026-06-26T14:46:10.260735+00:00
8220DB000412,412,Haddington Road,,53.335256,-6.237279,,,,,2026-06-26T14:46:10.260735+00:00
8220DB000413,413,Lansdowne Park,,53.334094,-6.236546,,,,,2026-06-26T14:46:10.260735+00:00
8220DB000414,414,Lansdowne Road,,53.331574,-6.234473,,,,,2026-06-26T14:46:10.260735+00:00
8220DB000415,415,American Embassy,,53.330338,-6.232948,,,,,2026-06-26T14:46:10.260735+00:00
8220DB000416,416,RDS Ballsbridge,,53.3286399201175,-6.22936956914703,,,,,2026-06-26T14:46:10.260735+00:00
8220DB000417,417,Merrion Road,,53.3277,-6.22597,,,,,2026-06-26T14:46:10.260735+00:00
8220DB000418,418,British Embassy,,53.32572,-6.223395,,,,,2026-06-26T14:46:10.260735+00:00
8220DB000419,419,Shrewsbury Park,,53.323995,-6.22045,,,,,2026-06-26T14:46:10.260735+00:00
8220DB000420,420,Merlyn Road,,53.321911,-6.217504,,,,,2026-06-26T14:46:10.260735+00:00
8220DB000421,421,Merrion View Avenue,,53.3200051794214,-6.21449112042242,,,,,2026-06-26T14:46:10.260735+00:00
8220DB000422,422,St Vincent's Hosp,,53.318064191863,-6.21032428070782,,,,,2026-06-26T14:46:10.260735+00:00
8220DB000423,423,Herbert Avenue,,53.317149,-6.207406,,,,,2026-06-26T14:46:10.260735+00:00
8220DB000424,424,Merrion Gates,,53.315394,-6.203727,,,,,2026-06-26T14:46:10.260735+00:00
8220DB000476,476,Merrion Gates,,53.315751,-6.204763,,,,,2026-06-26T14:46:10.260735+00:00
8220DB000477,477,Herbert Avenue,,53.316863,-6.206952,,,,,2026-06-26T14:46:10.260735+00:00
8220DB000478,478,St Vincent's Hosp,,53.3181142989155,-6.21126782530888,,,,,2026-06-26T14:46:10.260735+00:00
8220DB000479,479,Merrion Centre,,53.319144,-6.213401,,,,,2026-06-26T14:46:10.260735+00:00
8220DB000480,480,Netherlands Embassy,,53.32085,-6.216287,,,,,2026-06-26T14:46:10.260735+00:00
8220DB000481,481,Wanderers FC,,53.322761,-6.21883,,,,,2026-06-26T14:46:10.260735+00:00
8220DB000482,482,Shrewsbury Road,,53.324728,-6.221965,,,,,2026-06-26T14:46:10.260735+00:00
8220DB000483,483,British Embassy,,53.325944,-6.223972,,,,,2026-06-26T14:46:10.260735+00:00
8220DB000485,485,RDS Ballsbridge,,53.328252,-6.228635,,,,,2026-06-26T14:46:10.260735+00:00
8220DB000486,486,RDS Ballsbridge,,53.328329,-6.228992,,,,,2026-06-26T14:46:10.260735+00:00
8220DB000487,487,American Embassy,,53.330855,-6.233902,,,,,2026-06-26T14:46:10.260735+00:00
8220DB000488,488,Lansdowne Park,,53.333099,-6.236077,,,,,2026-06-26T14:46:10.260735+00:00
8220DB000489,489,St Mary's Rd South,,53.334942,-6.237352,,,,,2026-06-26T14:46:10.260735+00:00
8220DB000490,490,Haddington Road,,53.336574,-6.238907,,,,,2026-06-26T14:46:10.260735+00:00
8220DB000491,491,Mount Street Bridge,,53.337814,-6.241333,,,,,2026-06-26T14:46:10.260735+00:00
8220DB000492,492,Mount Street Lower,,53.338585,-6.243614,,,,,2026-06-26T14:46:10.260735+00:00
8220DB000493,493,Holles Street,,53.3398534163774,-6.24737682273898,,,,,2026-06-26T14:46:10.260735+00:00
8220DB000494,494,Clare Street,,53.341436,-6.251682,,,,,2026-06-26T14:46:10.260735+00:00
8220DB000495,495,Pearse Stn,,53.343591,-6.249747,,,,,2026-06-26T14:46:10.260735+00:00
8220DB000496,496,Busáras,,53.3494968761341,-6.25222357868164,,,,,2026-06-26T14:46:10.260735+00:00
8220DB000497,497,Connolly Stn,,53.350526,-6.250694,,,,,2026-06-26T14:46:10.260735+00:00
8220DB000499,499,Summerhill Pd,,53.35745,-6.249089,,,,,2026-06-26T14:46:10.260735+00:00
8220DB000500,500,Ballybough Road,,53.359036,-6.246289,,,,,2026-06-26T14:46:10.260735+00:00
8220DB000501,501,Clonliffe Ave,,53.360706,-6.243696,,,,,2026-06-26T14:46:10.260735+00:00
8220DB000509,509,Clonliffe Ave,,53.360601,-6.243325,,,,,2026-06-26T14:46:10.260735+00:00
8220DB000510,510,Ballybough Road,,53.359189,-6.245712,,,,,2026-06-26T14:46:10.260735+00:00
8220DB000511,511,Summerhill Pd,,53.357516,-6.248635,,,,,2026-06-26T14:46:10.260735+00:00
8220DB000513,513,Summerhill,,53.355212,-6.253973,,,,,2026-06-26T14:46:10.260735+00:00
8220DB000515,515,Five Lamps,,53.35439,-6.2472,,,,,2026-06-26T14:46:10.260735+00:00
8220DB000516,516,Newcomen Bridge,,53.35621,-6.244942,,,,,2026-06-26T14:46:10.260735+00:00
8220DB000518,518,Nottingham Street,,53.3589041624283,-6.2409909439451,,,,,2026-06-26T14:46:10.260735+00:00
8220DB000519,519,North Strand FS,,53.360339,-6.239535,,,,,2026-06-26T14:46:10.260735+00:00
8220DB000522,522,Fairview,,53.363207,-6.2356,,,,,2026-06-26T14:46:10.260735+00:00
8220DB000523,523,Marino Mart,,53.364355,-6.231308,,,,,2026-06-26T14:46:10.260735+00:00
8220DB000525,525,Howth Road,,53.3649608735109,-6.22633091116316,,,,,2026-06-26T14:46:10.260735+00:00
8220DB000526,526,Copeland Grove,,53.3668695721479,-6.22111227858031,,,,,2026-06-26T14:46:10.260735+00:00
8220DB000527,527,Ashbrook,,53.3680198762275,-6.21267888054445,,,,,2026-06-26T14:46:10.260735+00:00
8220DB000528,528,Castle Grove,,53.369264080697,-6.20993674463178,,,,,2026-06-26T14:46:10.260735+00:00
8220DB000529,529,Collins Avenue,,53.3705774149451,-6.20761234516729,,,,,2026-06-26T14:46:10.260735+00:00
8220DB000530,530,Killester Village,,53.371224,-6.204023,,,,,2026-06-26T14:46:10.260735+00:00
8220DB000531,531,The Demesne,,53.3732509125103,-6.20130788472614,,,,,2026-06-26T14:46:10.260735+00:00
8220DB000532,532,The Meadows,,53.375802080403,-6.19347468575652,,,,,2026-06-26T14:46:10.260735+00:00
8220DB000533,533,Ennafort Park,,53.3775832778026,-6.18705613952442,,,,,2026-06-26T14:46:10.260735+00:00
8220DB000534,534,Cill Eanna,,53.37875,-6.18164,,,,,2026-06-26T14:46:10.260735+00:00
8220DB000535,535,Raheny,,53.380257073034,-6.17730695711373,,,,,2026-06-26T14:46:10.260735+00:00
8220DB000536,536,Raheny Library,,53.3804237567076,-6.17351172677606,,,,,2026-06-26T14:46:10.260735+00:00
8220DB000537,537,Avondale Park,,53.3799012003047,-6.16815263497725,,,,,2026-06-26T14:46:10.260735+00:00
8220DB000538,538,Maywood,,53.3801380645862,-6.16426418318854,,,,,2026-06-26T14:46:10.260735+00:00
8220DB000539,539,Foxfield,,53.3806736618095,-6.15935564153758,,,,,2026-06-26T14:46:10.260735+00:00
8220DB000540,540,Lonsdale,,53.3813362763679,-6.1551179435333,,,,,2026-06-26T14:46:10.260735+00:00
8220DB000541,541,James Larkin Road,,53.3818727077496,-6.15202806844666,,,,,2026-06-26T14:46:10.260735+00:00
8220DB000542,542,Strand View,,53.3836619200447,-6.14626794992908,,,,,2026-06-26T14:46:10.260735+00:00
8220DB000591,591,Kilbarrack Road,,53.384168,-6.144683,,,,,2026-06-26T14:46:10.260735+00:00
8220DB000592,592,James Larkin Road,,53.382733,-6.148383,,,,,2026-06-26T14:46:10.260735+00:00
8220DB000593,593,Howth Road,,53.381849,-6.151638,,,,,2026-06-26T14:46:10.260735+00:00
8220DB000594,594,Lonsdale,,53.381163,-6.155561,,,,,2026-06-26T14:46:10.260735+00:00
8220DB000595,595,Foxfield,,53.3806,-6.159239,,,,,2026-06-26T14:46:10.260735+00:00
8220DB000596,596,Shieling Square,,53.380253,-6.161794,,,,,2026-06-26T14:46:10.260735+00:00
8220DB000597,597,Maywood,,53.379898,-6.165612,,,,,2026-06-26T14:46:10.260735+00:00
8220DB000598,598,Avondale Park,,53.379847,-6.169282,,,,,2026-06-26T14:46:10.260735+00:00
