route_id,service_id,trip_id,trip_headsign,trip_short_name,direction_id,block_id,shape_id,_ingested_at
10000 GREEN g a,20,5242_1,Brides Glen,195.MF-BH.93-GRN-y11,0,5242_7778148_Txc104995,5242_1,2026-06-26T14:46:10.246836+00:00
10000 GREEN g a,20,5242_10,Brides Glen,79.SuBH.93-GRN-y11-1,0,5242_7778148_Txc105600,5242_1,2026-06-26T14:46:10.246836+00:00
10000 GREEN g a,21,5242_100,Brides Glen,144.gf.93-GRN-y11-16,0,5242_7778148_Txc104811,5242_1,2026-06-26T14:46:10.246836+00:00
10000 GREEN g a,20,5242_1000,Sandyford,354.MF-BH.93-GRN-y11,0,5242_7778148_Txc105380,5242_4,2026-06-26T14:46:10.246836+00:00
10000 GREEN g a,22,5242_1004,Brides Glen,240.Sat.93-GRN-y11-1,0,5242_7778148_Txc105155,5242_5,2026-06-26T14:46:10.246836+00:00
10000 GREEN g a,21,5242_1005,Brides Glen,240.gf.93-GRN-y11-16,0,5242_7778148_Txc105156,5242_5,2026-06-26T14:46:10.246836+00:00
10000 GREEN g a,20,5242_1009,Brides Glen,353.MF-BH.93-GRN-y11,0,5242_7778148_Txc105379,5242_5,2026-06-26T14:46:10.246836+00:00
10000 GREEN g a,23,5242_1010,Brides Glen,142.SuBH.93-GRN-y11-,0,5242_7778148_Txc104802,5242_1,2026-06-26T14:46:10.246836+00:00
10000 GREEN g a,20,5242_1015,Sandyford,356.MF-BH.93-GRN-y11,0,5242_7778148_Txc105382,5242_4,2026-06-26T14:46:10.246836+00:00
10000 GREEN g a,22,5242_1016,Sandyford,243.Sat.93-GRN-y11-1,0,5242_7778148_Txc105164,5242_4,2026-06-26T14:46:10.246836+00:00
10000 GREEN g a,21,5242_1017,Sandyford,243.gf.93-GRN-y11-16,0,5242_7778148_Txc105165,5242_4,2026-06-26T14:46:10.246836+00:00
10000 GREEN g a,22,5242_1021,Brides Glen,242.Sat.93-GRN-y11-1,0,5242_7778148_Txc105161,5242_5,2026-06-26T14:46:10.246836+00:00
10000 GREEN g a,21,5242_1022,Brides Glen,242.gf.93-GRN-y11-16,0,5242_7778148_Txc105162,5242_5,2026-06-26T14:46:10.246836+00:00
10000 GREEN g a,20,5242_1023,Brides Glen,355.MF-BH.93-GRN-y11,0,5242_7778148_Txc105381,5242_5,2026-06-26T14:46:10.246836+00:00
10000 GREEN g a,23,5242_1027,Brides Glen,143.SuBH.93-GRN-y11-,0,5242_7778148_Txc104806,5242_1,2026-06-26T14:46:10.246836+00:00
10000 GREEN g a,20,5242_1032,Sandyford,358.MF-BH.93-GRN-y11,0,5242_7778148_Txc105384,5242_4,2026-06-26T14:46:10.246836+00:00
10000 GREEN g a,22,5242_1033,Sandyford,245.Sat.93-GRN-y11-1,0,5242_7778148_Txc105170,5242_4,2026-06-26T14:46:10.246836+00:00
10000 GREEN g a,21,5242_1034,Sandyford,245.gf.93-GRN-y11-16,0,5242_7778148_Txc105171,5242_4,2026-06-26T14:46:10.246836+00:00
10000 GREEN g a,20,5242_1037,Brides Glen,357.MF-BH.93-GRN-y11,0,5242_7778148_Txc105383,5242_5,2026-06-26T14:46:10.246836+00:00
10000 GREEN g a,22,5242_1038,Brides Glen,244.Sat.93-GRN-y11-1,0,5242_7778148_Txc105167,5242_5,2026-06-26T14:46:10.246836+00:00
10000 GREEN g a,21,5242_1039,Brides Glen,244.gf.93-GRN-y11-16,0,5242_7778148_Txc105168,5242_5,2026-06-26T14:46:10.246836+00:00
10000 GREEN g a,20,5242_104,Sandyford,220.MF-BH.93-GRN-y11,0,5242_7778148_Txc105086,5242_4,2026-06-26T14:46:10.246836+00:00
10000 GREEN g a,23,5242_1042,Brides Glen,144.SuBH.93-GRN-y11-,0,5242_7778148_Txc104810,5242_1,2026-06-26T14:46:10.246836+00:00
10000 GREEN g a,20,5242_1047,Sandyford,360.MF-BH.93-GRN-y11,0,5242_7778148_Txc105390,5242_4,2026-06-26T14:46:10.246836+00:00
10000 GREEN g a,22,5242_1048,Sandyford,247.Sat.93-GRN-y11-1,0,5242_7778148_Txc105176,5242_4,2026-06-26T14:46:10.246836+00:00
10000 GREEN g a,21,5242_1049,Sandyford,247.gf.93-GRN-y11-16,0,5242_7778148_Txc105177,5242_4,2026-06-26T14:46:10.246836+00:00
10000 GREEN g a,20,5242_105,Brides Glen,219.MF-BH.93-GRN-y11,0,5242_7778148_Txc105079,5242_5,2026-06-26T14:46:10.246836+00:00
10000 GREEN g a,20,5242_1052,Brides Glen,359.MF-BH.93-GRN-y11,0,5242_7778148_Txc105385,5242_5,2026-06-26T14:46:10.246836+00:00
10000 GREEN g a,22,5242_1053,Brides Glen,246.Sat.93-GRN-y11-1,0,5242_7778148_Txc105173,5242_5,2026-06-26T14:46:10.246836+00:00
10000 GREEN g a,21,5242_1054,Brides Glen,246.gf.93-GRN-y11-16,0,5242_7778148_Txc105174,5242_5,2026-06-26T14:46:10.246836+00:00
10000 GREEN g a,23,5242_1057,Brides Glen,145.SuBH.93-GRN-y11-,0,5242_7778148_Txc104814,5242_1,2026-06-26T14:46:10.246836+00:00
10000 GREEN g a,20,5242_106,Sandyford,222.MF-BH.93-GRN-y11,0,5242_7778148_Txc105092,5242_4,2026-06-26T14:46:10.246836+00:00
10000 GREEN g a,20,5242_1062,Sandyford,362.MF-BH.93-GRN-y11,0,5242_7778148_Txc105392,5242_4,2026-06-26T14:46:10.246836+00:00
10000 GREEN g a,22,5242_1063,Sandyford,249.Sat.93-GRN-y11-1,0,5242_7778148_Txc105182,5242_4,2026-06-26T14:46:10.246836+00:00
10000 GREEN g a,21,5242_1064,Sandyford,249.gf.93-GRN-y11-16,0,5242_7778148_Txc105183,5242_4,2026-06-26T14:46:10.246836+00:00
10000 GREEN g a,20,5242_1065,Brides Glen,361.MF-BH.93-GRN-y11,0,5242_7778148_Txc105391,5242_5,2026-06-26T14:46:10.246836+00:00
10000 GREEN g a,23,5242_1068,Brides Glen,146.SuBH.93-GRN-y11-,0,5242_7778148_Txc104818,5242_1,2026-06-26T14:46:10.246836+00:00
10000 GREEN g a,23,5242_107,Brides Glen,85.SuBH.93-GRN-y11-1,0,5242_7778148_Txc105628,5242_1,2026-06-26T14:46:10.246836+00:00
10000 GREEN g a,20,5242_1073,Sandyford,364.MF-BH.93-GRN-y11,0,5242_7778148_Txc105394,5242_4,2026-06-26T14:46:10.246836+00:00
10000 GREEN g a,22,5242_1074,Brides Glen,248.Sat.93-GRN-y11-1,0,5242_7778148_Txc105179,5242_5,2026-06-26T14:46:10.246836+00:00
10000 GREEN g a,21,5242_1075,Brides Glen,248.gf.93-GRN-y11-16,0,5242_7778148_Txc105180,5242_5,2026-06-26T14:46:10.246836+00:00
10000 GREEN g a,20,5242_1078,Brides Glen,363.MF-BH.93-GRN-y11,0,5242_7778148_Txc105393,5242_5,2026-06-26T14:46:10.246836+00:00
10000 GREEN g a,22,5242_1079,Sandyford,251.Sat.93-GRN-y11-1,0,5242_7778148_Txc105192,5242_4,2026-06-26T14:46:10.246836+00:00
10000 GREEN g a,21,5242_1080,Sandyford,251.gf.93-GRN-y11-16,0,5242_7778148_Txc105193,5242_4,2026-06-26T14:46:10.246836+00:00
10000 GREEN g a,23,5242_1083,Brides Glen,147.SuBH.93-GRN-y11-,0,5242_7778148_Txc104822,5242_1,2026-06-26T14:46:10.246836+00:00
10000 GREEN g a,20,5242_1088,Sandyford,366.MF-BH.93-GRN-y11,0,5242_7778148_Txc105396,5242_4,2026-06-26T14:46:10.246836+00:00
10000 GREEN g a,22,5242_1089,Brides Glen,250.Sat.93-GRN-y11-1,0,5242_7778148_Txc105189,5242_5,2026-06-26T14:46:10.246836+00:00
10000 GREEN g a,21,5242_1090,Brides Glen,250.gf.93-GRN-y11-16,0,5242_7778148_Txc105190,5242_5,2026-06-26T14:46:10.246836+00:00
10000 GREEN g a,20,5242_1093,Brides Glen,365.MF-BH.93-GRN-y11,0,5242_7778148_Txc105395,5242_5,2026-06-26T14:46:10.246836+00:00
10000 GREEN g a,23,5242_1094,Brides Glen,148.SuBH.93-GRN-y11-,0,5242_7778148_Txc104826,5242_1,2026-06-26T14:46:10.246836+00:00
10000 GREEN g a,20,5242_1099,Sandyford,368.MF-BH.93-GRN-y11,0,5242_7778148_Txc105398,5242_4,2026-06-26T14:46:10.246836+00:00
10000 GREEN g a,22,5242_1100,Sandyford,253.Sat.93-GRN-y11-1,0,5242_7778148_Txc105198,5242_4,2026-06-26T14:46:10.246836+00:00
10000 GREEN g a,21,5242_1101,Sandyford,253.gf.93-GRN-y11-16,0,5242_7778148_Txc105199,5242_4,2026-06-26T14:46:10.246836+00:00
10000 GREEN g a,22,5242_1104,Brides Glen,252.Sat.93-GRN-y11-1,0,5242_7778148_Txc105195,5242_5,2026-06-26T14:46:10.246836+00:00
10000 GREEN g a,21,5242_1105,Brides Glen,252.gf.93-GRN-y11-16,0,5242_7778148_Txc105196,5242_5,2026-06-26T14:46:10.246836+00:00
10000 GREEN g a,20,5242_1108,Brides Glen,367.MF-BH.93-GRN-y11,0,5242_7778148_Txc105397,5242_5,2026-06-26T14:46:10.246836+00:00
10000 GREEN g a,23,5242_1109,Brides Glen,149.SuBH.93-GRN-y11-,0,5242_7778148_Txc104830,5242_1,2026-06-26T14:46:10.246836+00:00
10000 GREEN g a,22,5242_111,Brides Glen,145.Sat.93-GRN-y11-1,0,5242_7778148_Txc104813,5242_1,2026-06-26T14:46:10.246836+00:00
10000 GREEN g a,20,5242_1110,Brides Glen,370.MF-BH.93-GRN-y11,0,5242_7778148_Txc105404,5242_1,2026-06-26T14:46:10.246836+00:00
10000 GREEN g a,22,5242_1115,Sandyford,255.Sat.93-GRN-y11-1,0,5242_7778148_Txc105204,5242_4,2026-06-26T14:46:10.246836+00:00
10000 GREEN g a,21,5242_1116,Sandyford,255.gf.93-GRN-y11-16,0,5242_7778148_Txc105205,5242_4,2026-06-26T14:46:10.246836+00:00
10000 GREEN g a,20,5242_1119,Sandyford,369.MF-BH.93-GRN-y11,0,5242_7778148_Txc105399,5242_8,2026-06-26T14:46:10.246836+00:00
10000 GREEN g a,21,5242_112,Brides Glen,145.gf.93-GRN-y11-16,0,5242_7778148_Txc104815,5242_1,2026-06-26T14:46:10.246836+00:00
10000 GREEN g a,22,5242_1120,Brides Glen,254.Sat.93-GRN-y11-1,0,5242_7778148_Txc105201,5242_5,2026-06-26T14:46:10.246836+00:00
10000 GREEN g a,21,5242_1121,Brides Glen,254.gf.93-GRN-y11-16,0,5242_7778148_Txc105202,5242_5,2026-06-26T14:46:10.246836+00:00
10000 GREEN g a,23,5242_1124,Brides Glen,150.SuBH.93-GRN-y11-,0,5242_7778148_Txc104838,5242_1,2026-06-26T14:46:10.246836+00:00
10000 GREEN g a,20,5242_1125,Brides Glen,372.MF-BH.93-GRN-y11,0,5242_7778148_Txc105406,5242_1,2026-06-26T14:46:10.246836+00:00
10000 GREEN g a,22,5242_1130,Sandyford,257.Sat.93-GRN-y11-1,0,5242_7778148_Txc105210,5242_4,2026-06-26T14:46:10.246836+00:00
10000 GREEN g a,21,5242_1131,Sandyford,257.gf.93-GRN-y11-16,0,5242_7778148_Txc105211,5242_4,2026-06-26T14:46:10.246836+00:00
10000 GREEN g a,20,5242_1132,Sandyford,371.MF-BH.93-GRN-y11,0,5242_7778148_Txc105405,5242_8,2026-06-26T14:46:10.246836+00:00
10000 GREEN g a,22,5242_1135,Brides Glen,256.Sat.93-GRN-y11-1,0,5242_7778148_Txc105207,5242_5,2026-06-26T14:46:10.246836+00:00
10000 GREEN g a,21,5242_1136,Brides Glen,256.gf.93-GRN-y11-16,0,5242_7778148_Txc105208,5242_5,2026-06-26T14:46:10.246836+00:00
10000 GREEN g a,23,5242_1139,Brides Glen,151.SuBH.93-GRN-y11-,0,5242_7778148_Txc104842,5242_1,2026-06-26T14:46:10.246836+00:00
10000 GREEN g a,20,5242_1140,Brides Glen,373.MF-BH.93-GRN-y11,0,5242_7778148_Txc105407,5242_1,2026-06-26T14:46:10.246836+00:00
10000 GREEN g a,22,5242_1145,Sandyford,259.Sat.93-GRN-y11-1,0,5242_7778148_Txc105216,5242_4,2026-06-26T14:46:10.246836+00:00
10000 GREEN g a,21,5242_1146,Sandyford,259.gf.93-GRN-y11-16,0,5242_7778148_Txc105217,5242_4,2026-06-26T14:46:10.246836+00:00
10000 GREEN g a,22,5242_1149,Brides Glen,258.Sat.93-GRN-y11-1,0,5242_7778148_Txc105213,5242_5,2026-06-26T14:46:10.246836+00:00
10000 GREEN g a,21,5242_1150,Brides Glen,258.gf.93-GRN-y11-16,0,5242_7778148_Txc105214,5242_5,2026-06-26T14:46:10.246836+00:00
10000 GREEN g a,23,5242_1153,Brides Glen,152.SuBH.93-GRN-y11-,0,5242_7778148_Txc104846,5242_1,2026-06-26T14:46:10.246836+00:00
10000 GREEN g a,20,5242_1154,Brides Glen,374.MF-BH.93-GRN-y11,0,5242_7778148_Txc105408,5242_1,2026-06-26T14:46:10.246836+00:00
10000 GREEN g a,22,5242_1159,Sandyford,261.Sat.93-GRN-y11-1,0,5242_7778148_Txc105226,5242_4,2026-06-26T14:46:10.246836+00:00
10000 GREEN g a,20,5242_116,Brides Glen,221.MF-BH.93-GRN-y11,0,5242_7778148_Txc105089,5242_5,2026-06-26T14:46:10.246836+00:00
10000 GREEN g a,21,5242_1160,Sandyford,261.gf.93-GRN-y11-16,0,5242_7778148_Txc105227,5242_4,2026-06-26T14:46:10.246836+00:00
10000 GREEN g a,22,5242_1163,Brides Glen,260.Sat.93-GRN-y11-1,0,5242_7778148_Txc105223,5242_5,2026-06-26T14:46:10.246836+00:00
10000 GREEN g a,21,5242_1164,Brides Glen,260.gf.93-GRN-y11-16,0,5242_7778148_Txc105224,5242_5,2026-06-26T14:46:10.246836+00:00
10000 GREEN g a,23,5242_1167,Brides Glen,153.SuBH.93-GRN-y11-,0,5242_7778148_Txc104850,5242_1,2026-06-26T14:46:10.246836+00:00
10000 GREEN g a,20,5242_1168,Brides Glen,375.MF-BH.93-GRN-y11,0,5242_7778148_Txc105409,5242_1,2026-06-26T14:46:10.246836+00:00
10000 GREEN g a,20,5242_117,Sandyford,224.MF-BH.93-GRN-y11,0,5242_7778148_Txc105098,5242_4,2026-06-26T14:46:10.246836+00:00
10000 GREEN g a,22,5242_1173,Sandyford,263.Sat.93-GRN-y11-1,0,5242_7778148_Txc105232,5242_4,2026-06-26T14:46:10.246836+00:00
10000 GREEN g a,21,5242_1174,Sandyford,263.gf.93-GRN-y11-16,0,5242_7778148_Txc105233,5242_4,2026-06-26T14:46:10.246836+00:00
10000 GREEN g a,22,5242_1177,Brides Glen,262.Sat.93-GRN-y11-1,0,5242_7778148_Txc105229,5242_5,2026-06-26T14:46:10.246836+00:00
10000 GREEN g a,21,5242_1178,Brides Glen,262.gf.93-GRN-y11-16,0,5242_7778148_Txc105230,5242_5,2026-06-26T14:46:10.246836+00:00
10000 GREEN g a,23,5242_118,Brides Glen,82.SuBH.93-GRN-y11-1,0,5242_7778148_Txc105616,5242_2,2026-06-26T14:46:10.246836+00:00
10000 GREEN g a,23,5242_1181,Brides Glen,154.SuBH.93-GRN-y11-,0,5242_7778148_Txc104854,5242_1,2026-06-26T14:46:10.246836+00:00
10000 GREEN g a,22,5242_1182,Brides Glen,264.Sat.93-GRN-y11-1,0,5242_7778148_Txc105235,5242_1,2026-06-26T14:46:10.246836+00:00
10000 GREEN g a,21,5242_1183,Brides Glen,264.gf.93-GRN-y11-16,0,5242_7778148_Txc105236,5242_1,2026-06-26T14:46:10.246836+00:00
10000 GREEN g a,20,5242_1184,Brides Glen,376.MF-BH.93-GRN-y11,0,5242_7778148_Txc105410,5242_1,2026-06-26T14:46:10.246836+00:00
10000 GREEN g a,23,5242_1191,Brides Glen,155.SuBH.93-GRN-y11-,0,5242_7778148_Txc104858,5242_1,2026-06-26T14:46:10.246836+00:00
10000 GREEN g a,22,5242_1192,Brides Glen,265.Sat.93-GRN-y11-1,0,5242_7778148_Txc105238,5242_1,2026-06-26T14:46:10.246836+00:00
10000 GREEN g a,21,5242_1193,Brides Glen,265.gf.93-GRN-y11-16,0,5242_7778148_Txc105239,5242_1,2026-06-26T14:46:10.246836+00:00
10000 GREEN g a,20,5242_1194,Brides Glen,377.MF-BH.93-GRN-y11,0,5242_7778148_Txc105411,5242_1,2026-06-26T14:46:10.246836+00:00
10000 GREEN g a,23,5242_1201,Brides Glen,156.SuBH.93-GRN-y11-,0,5242_7778148_Txc104862,5242_1,2026-06-26T14:46:10.246836+00:00
10000 GREEN g a,22,5242_1202,Brides Glen,266.Sat.93-GRN-y11-1,0,5242_7778148_Txc105241,5242_1,2026-06-26T14:46:10.246836+00:00
10000 GREEN g a,21,5242_1203,Brides Glen,266.gf.93-GRN-y11-16,0,5242_7778148_Txc105242,5242_1,2026-06-26T14:46:10.246836+00:00
10000 GREEN g a,20,5242_1204,Brides Glen,378.MF-BH.93-GRN-y11,0,5242_7778148_Txc105412,5242_1,2026-06-26T14:46:10.246836+00:00
10000 GREEN g a,23,5242_1211,Brides Glen,157.SuBH.93-GRN-y11-,0,5242_7778148_Txc104866,5242_1,2026-06-26T14:46:10.246836+00:00
10000 GREEN g a,22,5242_1212,Brides Glen,267.Sat.93-GRN-y11-1,0,5242_7778148_Txc105244,5242_1,2026-06-26T14:46:10.246836+00:00
10000 GREEN g a,21,5242_1213,Brides Glen,267.gf.93-GRN-y11-16,0,5242_7778148_Txc105245,5242_1,2026-06-26T14:46:10.246836+00:00
10000 GREEN g a,20,5242_1214,Brides Glen,379.MF-BH.93-GRN-y11,0,5242_7778148_Txc105413,5242_1,2026-06-26T14:46:10.246836+00:00
10000 GREEN g a,23,5242_122,Brides Glen,86.SuBH.93-GRN-y11-1,0,5242_7778148_Txc105632,5242_1,2026-06-26T14:46:10.246836+00:00
10000 GREEN g a,22,5242_1221,Brides Glen,268.Sat.93-GRN-y11-1,0,5242_7778148_Txc105247,5242_1,2026-06-26T14:46:10.246836+00:00
10000 GREEN g a,21,5242_1222,Brides Glen,268.gf.93-GRN-y11-16,0,5242_7778148_Txc105248,5242_1,2026-06-26T14:46:10.246836+00:00
10000 GREEN g a,20,5242_1223,Brides Glen,380.MF-BH.93-GRN-y11,0,5242_7778148_Txc105418,5242_1,2026-06-26T14:46:10.246836+00:00
10000 GREEN g a,22,5242_1226,Brides Glen,269.Sat.93-GRN-y11-1,0,5242_7778148_Txc105250,5242_1,2026-06-26T14:46:10.246836+00:00
10000 GREEN g a,21,5242_1227,Brides Glen,269.gf.93-GRN-y11-16,0,5242_7778148_Txc105251,5242_1,2026-06-26T14:46:10.246836+00:00
10000 GREEN g a,20,5242_1228,Brides Glen,381.MF-BH.93-GRN-y11,0,5242_7778148_Txc105419,5242_1,2026-06-26T14:46:10.246836+00:00
10000 GREEN g a,22,5242_1231,Brides Glen,270.Sat.93-GRN-y11-1,0,5242_7778148_Txc105257,5242_1,2026-06-26T14:46:10.246836+00:00
10000 GREEN g a,21,5242_1232,Brides Glen,270.gf.93-GRN-y11-16,0,5242_7778148_Txc105258,5242_1,2026-06-26T14:46:10.246836+00:00
10000 GREEN g a,20,5242_1233,Brides Glen,382.MF-BH.93-GRN-y11,0,5242_7778148_Txc105420,5242_1,2026-06-26T14:46:10.246836+00:00
10000 GREEN g a,22,5242_1236,Brides Glen,271.Sat.93-GRN-y11-1,0,5242_7778148_Txc105260,5242_1,2026-06-26T14:46:10.246836+00:00
10000 GREEN g a,21,5242_1237,Brides Glen,271.gf.93-GRN-y11-16,0,5242_7778148_Txc105261,5242_1,2026-06-26T14:46:10.246836+00:00
10000 GREEN g a,20,5242_1238,Brides Glen,383.MF-BH.93-GRN-y11,0,5242_7778148_Txc105421,5242_1,2026-06-26T14:46:10.246836+00:00
10000 GREEN g a,20,5242_1247,Broombridge,2.MF-BH.93-GRN-y11-1,1,5242_7778148_Txc105010,5242_12,2026-06-26T14:46:10.246836+00:00
10000 GREEN g a,20,5242_1248,Broombridge,3.MF-BH.93-GRN-y11-1,1,5242_7778148_Txc105298,5242_13,2026-06-26T14:46:10.246836+00:00
10000 GREEN g a,20,5242_1249,Broombridge,1.MF-BH.93-GRN-y11-1,1,5242_7778148_Txc104608,5242_11,2026-06-26T14:46:10.246836+00:00
10000 GREEN g a,20,5242_1250,Broombridge,5.MF-BH.93-GRN-y11-1,1,5242_7778148_Txc105470,5242_13,2026-06-26T14:46:10.246836+00:00
10000 GREEN g a,20,5242_1251,Parnell,4.MF-BH.93-GRN-y11-1,1,5242_7778148_Txc105426,5242_15,2026-06-26T14:46:10.246836+00:00
10000 GREEN g a,20,5242_1252,Broombridge,7.MF-BH.93-GRN-y11-1,1,5242_7778148_Txc105558,5242_13,2026-06-26T14:46:10.246836+00:00
10000 GREEN g a,20,5242_1253,Parnell,6.MF-BH.93-GRN-y11-1,1,5242_7778148_Txc105514,5242_15,2026-06-26T14:46:10.246836+00:00
10000 GREEN g a,20,5242_1254,Parnell,9.MF-BH.93-GRN-y11-1,1,5242_7778148_Txc105646,5242_14,2026-06-26T14:46:10.246836+00:00
10000 GREEN g a,22,5242_1255,Broombridge,2.Sat.93-GRN-y11-16.,1,5242_7778148_Txc105011,5242_12,2026-06-26T14:46:10.246836+00:00
10000 GREEN g a,21,5242_1256,Broombridge,2.gf.93-GRN-y11-16.1,1,5242_7778148_Txc105013,5242_12,2026-06-26T14:46:10.246836+00:00
10000 GREEN g a,22,5242_1257,Broombridge,3.Sat.93-GRN-y11-16.,1,5242_7778148_Txc105299,5242_13,2026-06-26T14:46:10.246836+00:00
10000 GREEN g a,21,5242_1258,Broombridge,3.gf.93-GRN-y11-16.2,1,5242_7778148_Txc105301,5242_13,2026-06-26T14:46:10.246836+00:00
10000 GREEN g a,20,5242_126,Brides Glen,223.MF-BH.93-GRN-y11,0,5242_7778148_Txc105095,5242_5,2026-06-26T14:46:10.246836+00:00
10000 GREEN g a,20,5242_1265,Parnell,11.MF-BH.93-GRN-y11-,1,5242_7778148_Txc104656,5242_14,2026-06-26T14:46:10.246836+00:00
10000 GREEN g a,20,5242_1266,Broombridge,8.MF-BH.93-GRN-y11-1,1,5242_7778148_Txc105602,5242_12,2026-06-26T14:46:10.246836+00:00
10000 GREEN g a,22,5242_1267,Broombridge,1.Sat.93-GRN-y11-16.,1,5242_7778148_Txc104609,5242_11,2026-06-26T14:46:10.246836+00:00
10000 GREEN g a,21,5242_1268,Broombridge,1.gf.93-GRN-y11-16.4,1,5242_7778148_Txc104611,5242_11,2026-06-26T14:46:10.246836+00:00
10000 GREEN g a,20,5242_127,Sandyford,226.MF-BH.93-GRN-y11,0,5242_7778148_Txc105104,5242_4,2026-06-26T14:46:10.246836+00:00
10000 GREEN g a,20,5242_1272,Parnell,13.MF-BH.93-GRN-y11-,1,5242_7778148_Txc104744,5242_14,2026-06-26T14:46:10.246836+00:00
10000 GREEN g a,20,5242_1273,Broombridge,10.MF-BH.93-GRN-y11-,1,5242_7778148_Txc104612,5242_12,2026-06-26T14:46:10.246836+00:00
10000 GREEN g a,22,5242_1274,Broombridge,4.Sat.93-GRN-y11-16.,1,5242_7778148_Txc105427,5242_13,2026-06-26T14:46:10.246836+00:00
10000 GREEN g a,21,5242_1275,Broombridge,4.gf.93-GRN-y11-16.2,1,5242_7778148_Txc105429,5242_13,2026-06-26T14:46:10.246836+00:00
10000 GREEN g a,20,5242_1279,Parnell,15.MF-BH.93-GRN-y11-,1,5242_7778148_Txc104832,5242_14,2026-06-26T14:46:10.246836+00:00
10000 GREEN g a,22,5242_128,Brides Glen,146.Sat.93-GRN-y11-1,0,5242_7778148_Txc104817,5242_1,2026-06-26T14:46:10.246836+00:00
10000 GREEN g a,20,5242_1280,Broombridge,12.MF-BH.93-GRN-y11-,1,5242_7778148_Txc104700,5242_12,2026-06-26T14:46:10.246836+00:00
10000 GREEN g a,23,5242_1281,Broombridge,2.SuBH.93-GRN-y11-16,1,5242_7778148_Txc105012,5242_12,2026-06-26T14:46:10.246836+00:00
10000 GREEN g a,23,5242_1282,Broombridge,3.SuBH.93-GRN-y11-16,1,5242_7778148_Txc105300,5242_13,2026-06-26T14:46:10.246836+00:00
10000 GREEN g a,20,5242_1289,Parnell,17.MF-BH.93-GRN-y11-,1,5242_7778148_Txc104908,5242_14,2026-06-26T14:46:10.246836+00:00
10000 GREEN g a,21,5242_129,Brides Glen,146.gf.93-GRN-y11-16,0,5242_7778148_Txc104819,5242_1,2026-06-26T14:46:10.246836+00:00
10000 GREEN g a,20,5242_1290,Broombridge,14.MF-BH.93-GRN-y11-,1,5242_7778148_Txc104788,5242_12,2026-06-26T14:46:10.246836+00:00
10000 GREEN g a,23,5242_1291,Broombridge,1.SuBH.93-GRN-y11-16,1,5242_7778148_Txc104610,5242_11,2026-06-26T14:46:10.246836+00:00
10000 GREEN g a,22,5242_1295,Broombridge,5.Sat.93-GRN-y11-16.,1,5242_7778148_Txc105471,5242_13,2026-06-26T14:46:10.246836+00:00
10000 GREEN g a,21,5242_1296,Broombridge,5.gf.93-GRN-y11-16.2,1,5242_7778148_Txc105473,5242_13,2026-06-26T14:46:10.246836+00:00
10000 GREEN g a,20,5242_1300,Parnell,19.MF-BH.93-GRN-y11-,1,5242_7778148_Txc104976,5242_14,2026-06-26T14:46:10.246836+00:00
10000 GREEN g a,20,5242_1301,Broombridge,16.MF-BH.93-GRN-y11-,1,5242_7778148_Txc104874,5242_12,2026-06-26T14:46:10.246836+00:00
10000 GREEN g a,23,5242_1302,Broombridge,4.SuBH.93-GRN-y11-16,1,5242_7778148_Txc105428,5242_13,2026-06-26T14:46:10.246836+00:00
10000 GREEN g a,20,5242_1306,Parnell,21.MF-BH.93-GRN-y11-,1,5242_7778148_Txc105048,5242_14,2026-06-26T14:46:10.246836+00:00
10000 GREEN g a,20,5242_1307,Broombridge,18.MF-BH.93-GRN-y11-,1,5242_7778148_Txc104942,5242_12,2026-06-26T14:46:10.246836+00:00
10000 GREEN g a,20,5242_1308,Parnell,23.MF-BH.93-GRN-y11-,1,5242_7778148_Txc105116,5242_14,2026-06-26T14:46:10.246836+00:00
10000 GREEN g a,22,5242_1309,Broombridge,6.Sat.93-GRN-y11-16.,1,5242_7778148_Txc105515,5242_13,2026-06-26T14:46:10.246836+00:00
10000 GREEN g a,21,5242_1310,Broombridge,6.gf.93-GRN-y11-16.2,1,5242_7778148_Txc105517,5242_13,2026-06-26T14:46:10.246836+00:00
10000 GREEN g a,20,5242_1314,Broombridge,20.MF-BH.93-GRN-y11-,1,5242_7778148_Txc105014,5242_12,2026-06-26T14:46:10.246836+00:00
10000 GREEN g a,20,5242_1315,Parnell,25.MF-BH.93-GRN-y11-,1,5242_7778148_Txc105184,5242_14,2026-06-26T14:46:10.246836+00:00
10000 GREEN g a,23,5242_1316,Broombridge,5.SuBH.93-GRN-y11-16,1,5242_7778148_Txc105472,5242_13,2026-06-26T14:46:10.246836+00:00
10000 GREEN g a,20,5242_1320,Broombridge,22.MF-BH.93-GRN-y11-,1,5242_7778148_Txc105082,5242_12,2026-06-26T14:46:10.246836+00:00
10000 GREEN g a,20,5242_1321,Parnell,27.MF-BH.93-GRN-y11-,1,5242_7778148_Txc105252,5242_14,2026-06-26T14:46:10.246836+00:00
10000 GREEN g a,22,5242_1322,Broombridge,7.Sat.93-GRN-y11-16.,1,5242_7778148_Txc105559,5242_13,2026-06-26T14:46:10.246836+00:00
10000 GREEN g a,21,5242_1323,Broombridge,7.gf.93-GRN-y11-16.2,1,5242_7778148_Txc105561,5242_13,2026-06-26T14:46:10.246836+00:00
10000 GREEN g a,20,5242_1327,Parnell,28.MF-BH.93-GRN-y11-,1,5242_7778148_Txc105270,5242_14,2026-06-26T14:46:10.246836+00:00
10000 GREEN g a,20,5242_1328,Broombridge,24.MF-BH.93-GRN-y11-,1,5242_7778148_Txc105150,5242_12,2026-06-26T14:46:10.246836+00:00
10000 GREEN g a,20,5242_1329,Parnell,30.MF-BH.93-GRN-y11-,1,5242_7778148_Txc105302,5242_14,2026-06-26T14:46:10.246836+00:00
10000 GREEN g a,20,5242_133,Brides Glen,225.MF-BH.93-GRN-y11,0,5242_7778148_Txc105101,5242_5,2026-06-26T14:46:10.246836+00:00
10000 GREEN g a,20,5242_1330,Broombridge,32.MF-BH.93-GRN-y11-,1,5242_7778148_Txc105330,5242_13,2026-06-26T14:46:10.246836+00:00
10000 GREEN g a,20,5242_1331,Broombridge,26.MF-BH.93-GRN-y11-,1,5242_7778148_Txc105218,5242_12,2026-06-26T14:46:10.246836+00:00
10000 GREEN g a,23,5242_1332,Broombridge,6.SuBH.93-GRN-y11-16,1,5242_7778148_Txc105516,5242_13,2026-06-26T14:46:10.246836+00:00
10000 GREEN g a,22,5242_1333,Broombridge,8.Sat.93-GRN-y11-16.,1,5242_7778148_Txc105603,5242_13,2026-06-26T14:46:10.246836+00:00
10000 GREEN g a,21,5242_1334,Broombridge,8.gf.93-GRN-y11-16.2,1,5242_7778148_Txc105605,5242_13,2026-06-26T14:46:10.246836+00:00
10000 GREEN g a,20,5242_134,Sandyford,229.MF-BH.93-GRN-y11,0,5242_7778148_Txc105113,5242_4,2026-06-26T14:46:10.246836+00:00
10000 GREEN g a,20,5242_1341,Parnell,34.MF-BH.93-GRN-y11-,1,5242_7778148_Txc105358,5242_14,2026-06-26T14:46:10.246836+00:00
10000 GREEN g a,20,5242_1342,Broombridge,35.MF-BH.93-GRN-y11-,1,5242_7778148_Txc105372,5242_13,2026-06-26T14:46:10.246836+00:00
10000 GREEN g a,20,5242_1343,Broombridge,29.MF-BH.93-GRN-y11-,1,5242_7778148_Txc105284,5242_12,2026-06-26T14:46:10.246836+00:00
10000 GREEN g a,20,5242_1344,Parnell,31.MF-BH.93-GRN-y11-,1,5242_7778148_Txc105316,5242_15,2026-06-26T14:46:10.246836+00:00
10000 GREEN g a,23,5242_1345,Broombridge,7.SuBH.93-GRN-y11-16,1,5242_7778148_Txc105560,5242_13,2026-06-26T14:46:10.246836+00:00
10000 GREEN g a,22,5242_1346,Broombridge,9.Sat.93-GRN-y11-16.,1,5242_7778148_Txc105647,5242_13,2026-06-26T14:46:10.246836+00:00
10000 GREEN g a,21,5242_1347,Broombridge,9.gf.93-GRN-y11-16.2,1,5242_7778148_Txc105649,5242_13,2026-06-26T14:46:10.246836+00:00
10000 GREEN g a,23,5242_135,Brides Glen,87.SuBH.93-GRN-y11-1,0,5242_7778148_Txc105636,5242_1,2026-06-26T14:46:10.246836+00:00
10000 GREEN g a,20,5242_1354,Broombridge,38.MF-BH.93-GRN-y11-,1,5242_7778148_Txc105414,5242_13,2026-06-26T14:46:10.246836+00:00
10000 GREEN g a,20,5242_1355,Parnell,33.MF-BH.93-GRN-y11-,1,5242_7778148_Txc105344,5242_15,2026-06-26T14:46:10.246836+00:00
10000 GREEN g a,20,5242_1356,Parnell,40.MF-BH.93-GRN-y11-,1,5242_7778148_Txc105430,5242_14,2026-06-26T14:46:10.246836+00:00
10000 GREEN g a,20,5242_1357,Broombridge,41.MF-BH.93-GRN-y11-,1,5242_7778148_Txc105434,5242_13,2026-06-26T14:46:10.246836+00:00
10000 GREEN g a,22,5242_1358,Broombridge,10.Sat.93-GRN-y11-16,1,5242_7778148_Txc104613,5242_13,2026-06-26T14:46:10.246836+00:00
10000 GREEN g a,21,5242_1359,Broombridge,10.gf.93-GRN-y11-16.,1,5242_7778148_Txc104615,5242_13,2026-06-26T14:46:10.246836+00:00
10000 GREEN g a,20,5242_1360,Parnell,36.MF-BH.93-GRN-y11-,1,5242_7778148_Txc105386,5242_15,2026-06-26T14:46:10.246836+00:00
10000 GREEN g a,23,5242_1361,Broombridge,8.SuBH.93-GRN-y11-16,1,5242_7778148_Txc105604,5242_13,2026-06-26T14:46:10.246836+00:00
10000 GREEN g a,20,5242_1368,Parnell,43.MF-BH.93-GRN-y11-,1,5242_7778148_Txc105442,5242_14,2026-06-26T14:46:10.246836+00:00
10000 GREEN g a,20,5242_1369,Parnell,37.MF-BH.93-GRN-y11-,1,5242_7778148_Txc105400,5242_15,2026-06-26T14:46:10.246836+00:00
10000 GREEN g a,20,5242_1370,Broombridge,45.MF-BH.93-GRN-y11-,1,5242_7778148_Txc105450,5242_13,2026-06-26T14:46:10.246836+00:00
10000 GREEN g a,20,5242_1371,Broombridge,39.MF-BH.93-GRN-y11-,1,5242_7778148_Txc105422,5242_12,2026-06-26T14:46:10.246836+00:00
10000 GREEN g a,20,5242_1372,Parnell,46.MF-BH.93-GRN-y11-,1,5242_7778148_Txc105454,5242_14,2026-06-26T14:46:10.246836+00:00
10000 GREEN g a,22,5242_1373,Parnell,11.Sat.93-GRN-y11-16,1,5242_7778148_Txc104657,5242_14,2026-06-26T14:46:10.246836+00:00
10000 GREEN g a,21,5242_1374,Parnell,11.gf.93-GRN-y11-16.,1,5242_7778148_Txc104659,5242_14,2026-06-26T14:46:10.246836+00:00
10000 GREEN g a,23,5242_1375,Broombridge,9.SuBH.93-GRN-y11-16,1,5242_7778148_Txc105648,5242_13,2026-06-26T14:46:10.246836+00:00
10000 GREEN g a,20,5242_1382,Broombridge,42.MF-BH.93-GRN-y11-,1,5242_7778148_Txc105438,5242_12,2026-06-26T14:46:10.246836+00:00
10000 GREEN g a,20,5242_1383,Parnell,48.MF-BH.93-GRN-y11-,1,5242_7778148_Txc105462,5242_14,2026-06-26T14:46:10.246836+00:00
10000 GREEN g a,20,5242_1384,Broombridge,44.MF-BH.93-GRN-y11-,1,5242_7778148_Txc105446,5242_12,2026-06-26T14:46:10.246836+00:00
10000 GREEN g a,23,5242_1385,Broombridge,10.SuBH.93-GRN-y11-1,1,5242_7778148_Txc104614,5242_13,2026-06-26T14:46:10.246836+00:00
10000 GREEN g a,22,5242_1386,Parnell,13.Sat.93-GRN-y11-16,1,5242_7778148_Txc104745,5242_14,2026-06-26T14:46:10.246836+00:00
10000 GREEN g a,21,5242_1387,Parnell,13.gf.93-GRN-y11-16.,1,5242_7778148_Txc104747,5242_14,2026-06-26T14:46:10.246836+00:00
10000 GREEN g a,20,5242_139,Sandyford,227.MF-BH.93-GRN-y11,0,5242_7778148_Txc105107,5242_8,2026-06-26T14:46:10.246836+00:00
10000 GREEN g a,20,5242_1395,Parnell,50.MF-BH.93-GRN-y11-,1,5242_7778148_Txc105474,5242_14,2026-06-26T14:46:10.246836+00:00
10000 GREEN g a,20,5242_1396,Broombridge,47.MF-BH.93-GRN-y11-,1,5242_7778148_Txc105458,5242_12,2026-06-26T14:46:10.246836+00:00
10000 GREEN g a,22,5242_1397,Broombridge,12.Sat.93-GRN-y11-16,1,5242_7778148_Txc104701,5242_12,2026-06-26T14:46:10.246836+00:00
10000 GREEN g a,21,5242_1398,Broombridge,12.gf.93-GRN-y11-16.,1,5242_7778148_Txc104703,5242_12,2026-06-26T14:46:10.246836+00:00
10000 GREEN g a,22,5242_140,Brides Glen,147.Sat.93-GRN-y11-1,0,5242_7778148_Txc104821,5242_1,2026-06-26T14:46:10.246836+00:00
10000 GREEN g a,20,5242_1402,Parnell,52.MF-BH.93-GRN-y11-,1,5242_7778148_Txc105482,5242_14,2026-06-26T14:46:10.246836+00:00
10000 GREEN g a,22,5242_1403,Parnell,15.Sat.93-GRN-y11-16,1,5242_7778148_Txc104833,5242_14,2026-06-26T14:46:10.246836+00:00
10000 GREEN g a,21,5242_1404,Parnell,15.gf.93-GRN-y11-16.,1,5242_7778148_Txc104835,5242_14,2026-06-26T14:46:10.246836+00:00
10000 GREEN g a,23,5242_1408,Broombridge,11.SuBH.93-GRN-y11-1,1,5242_7778148_Txc104658,5242_13,2026-06-26T14:46:10.246836+00:00
10000 GREEN g a,21,5242_141,Brides Glen,147.gf.93-GRN-y11-16,0,5242_7778148_Txc104823,5242_1,2026-06-26T14:46:10.246836+00:00
10000 GREEN g a,20,5242_1413,Broombridge,49.MF-BH.93-GRN-y11-,1,5242_7778148_Txc105466,5242_12,2026-06-26T14:46:10.246836+00:00
10000 GREEN g a,20,5242_1414,Parnell,54.MF-BH.93-GRN-y11-,1,5242_7778148_Txc105490,5242_14,2026-06-26T14:46:10.246836+00:00
10000 GREEN g a,22,5242_1415,Broombridge,14.Sat.93-GRN-y11-16,1,5242_7778148_Txc104789,5242_12,2026-06-26T14:46:10.246836+00:00
10000 GREEN g a,21,5242_1416,Broombridge,14.gf.93-GRN-y11-16.,1,5242_7778148_Txc104791,5242_12,2026-06-26T14:46:10.246836+00:00
10000 GREEN g a,20,5242_1420,Broombridge,51.MF-BH.93-GRN-y11-,1,5242_7778148_Txc105478,5242_12,2026-06-26T14:46:10.246836+00:00
10000 GREEN g a,22,5242_1421,Parnell,17.Sat.93-GRN-y11-16,1,5242_7778148_Txc104909,5242_14,2026-06-26T14:46:10.246836+00:00
10000 GREEN g a,21,5242_1422,Parnell,17.gf.93-GRN-y11-16.,1,5242_7778148_Txc104911,5242_14,2026-06-26T14:46:10.246836+00:00
10000 GREEN g a,23,5242_1426,Broombridge,12.SuBH.93-GRN-y11-1,1,5242_7778148_Txc104702,5242_13,2026-06-26T14:46:10.246836+00:00
10000 GREEN g a,20,5242_1431,Parnell,56.MF-BH.93-GRN-y11-,1,5242_7778148_Txc105498,5242_14,2026-06-26T14:46:10.246836+00:00
10000 GREEN g a,20,5242_1432,Broombridge,53.MF-BH.93-GRN-y11-,1,5242_7778148_Txc105486,5242_12,2026-06-26T14:46:10.246836+00:00
10000 GREEN g a,20,5242_1433,Broombridge,57.MF-BH.93-GRN-y11-,1,5242_7778148_Txc105502,5242_13,2026-06-26T14:46:10.246836+00:00
10000 GREEN g a,22,5242_1434,Broombridge,16.Sat.93-GRN-y11-16,1,5242_7778148_Txc104875,5242_12,2026-06-26T14:46:10.246836+00:00
10000 GREEN g a,21,5242_1435,Broombridge,16.gf.93-GRN-y11-16.,1,5242_7778148_Txc104877,5242_12,2026-06-26T14:46:10.246836+00:00
10000 GREEN g a,22,5242_1439,Parnell,19.Sat.93-GRN-y11-16,1,5242_7778148_Txc104977,5242_14,2026-06-26T14:46:10.246836+00:00
10000 GREEN g a,21,5242_1440,Parnell,19.gf.93-GRN-y11-16.,1,5242_7778148_Txc104979,5242_14,2026-06-26T14:46:10.246836+00:00
10000 GREEN g a,23,5242_1444,Broombridge,13.SuBH.93-GRN-y11-1,1,5242_7778148_Txc104746,5242_13,2026-06-26T14:46:10.246836+00:00
10000 GREEN g a,20,5242_1449,Broombridge,55.MF-BH.93-GRN-y11-,1,5242_7778148_Txc105494,5242_12,2026-06-26T14:46:10.246836+00:00
10000 GREEN g a,20,5242_145,Sandyford,232.MF-BH.93-GRN-y11,0,5242_7778148_Txc105126,5242_4,2026-06-26T14:46:10.246836+00:00
10000 GREEN g a,20,5242_1450,Parnell,58.MF-BH.93-GRN-y11-,1,5242_7778148_Txc105506,5242_14,2026-06-26T14:46:10.246836+00:00
10000 GREEN g a,22,5242_1451,Broombridge,18.Sat.93-GRN-y11-16,1,5242_7778148_Txc104943,5242_12,2026-06-26T14:46:10.246836+00:00
10000 GREEN g a,21,5242_1452,Broombridge,18.gf.93-GRN-y11-16.,1,5242_7778148_Txc104945,5242_12,2026-06-26T14:46:10.246836+00:00
10000 GREEN g a,22,5242_1456,Parnell,21.Sat.93-GRN-y11-16,1,5242_7778148_Txc105049,5242_14,2026-06-26T14:46:10.246836+00:00
10000 GREEN g a,21,5242_1457,Parnell,21.gf.93-GRN-y11-16.,1,5242_7778148_Txc105051,5242_14,2026-06-26T14:46:10.246836+00:00
10000 GREEN g a,20,5242_146,Brides Glen,228.MF-BH.93-GRN-y11,0,5242_7778148_Txc105110,5242_5,2026-06-26T14:46:10.246836+00:00
10000 GREEN g a,23,5242_1461,Broombridge,14.SuBH.93-GRN-y11-1,1,5242_7778148_Txc104790,5242_13,2026-06-26T14:46:10.246836+00:00
10000 GREEN g a,20,5242_1462,Parnell,60.MF-BH.93-GRN-y11-,1,5242_7778148_Txc105518,5242_14,2026-06-26T14:46:10.246836+00:00
10000 GREEN g a,22,5242_1467,Broombridge,20.Sat.93-GRN-y11-16,1,5242_7778148_Txc105015,5242_12,2026-06-26T14:46:10.246836+00:00
10000 GREEN g a,21,5242_1468,Broombridge,20.gf.93-GRN-y11-16.,1,5242_7778148_Txc105017,5242_12,2026-06-26T14:46:10.246836+00:00
10000 GREEN g a,20,5242_147,Sandyford,230.MF-BH.93-GRN-y11,0,5242_7778148_Txc105120,5242_8,2026-06-26T14:46:10.246836+00:00
10000 GREEN g a,20,5242_1472,Broombridge,59.MF-BH.93-GRN-y11-,1,5242_7778148_Txc105510,5242_12,2026-06-26T14:46:10.246836+00:00
10000 GREEN g a,20,5242_1473,Parnell,62.MF-BH.93-GRN-y11-,1,5242_7778148_Txc105526,5242_14,2026-06-26T14:46:10.246836+00:00
10000 GREEN g a,22,5242_1474,Parnell,23.Sat.93-GRN-y11-16,1,5242_7778148_Txc105117,5242_14,2026-06-26T14:46:10.246836+00:00
10000 GREEN g a,21,5242_1475,Parnell,23.gf.93-GRN-y11-16.,1,5242_7778148_Txc105119,5242_14,2026-06-26T14:46:10.246836+00:00
10000 GREEN g a,23,5242_1479,Broombridge,15.SuBH.93-GRN-y11-1,1,5242_7778148_Txc104834,5242_13,2026-06-26T14:46:10.246836+00:00
10000 GREEN g a,20,5242_148,Sandyford,235.MF-BH.93-GRN-y11,0,5242_7778148_Txc105135,5242_4,2026-06-26T14:46:10.246836+00:00
10000 GREEN g a,20,5242_1484,Broombridge,63.MF-BH.93-GRN-y11-,1,5242_7778148_Txc105530,5242_13,2026-06-26T14:46:10.246836+00:00
10000 GREEN g a,22,5242_1485,Broombridge,22.Sat.93-GRN-y11-16,1,5242_7778148_Txc105083,5242_12,2026-06-26T14:46:10.246836+00:00
10000 GREEN g a,21,5242_1486,Broombridge,22.gf.93-GRN-y11-16.,1,5242_7778148_Txc105085,5242_12,2026-06-26T14:46:10.246836+00:00
10000 GREEN g a,20,5242_1487,Broombridge,61.MF-BH.93-GRN-y11-,1,5242_7778148_Txc105522,5242_12,2026-06-26T14:46:10.246836+00:00
10000 GREEN g a,23,5242_149,Brides Glen,88.SuBH.93-GRN-y11-1,0,5242_7778148_Txc105640,5242_1,2026-06-26T14:46:10.246836+00:00
10000 GREEN g a,20,5242_1491,Parnell,64.MF-BH.93-GRN-y11-,1,5242_7778148_Txc105534,5242_14,2026-06-26T14:46:10.246836+00:00
10000 GREEN g a,22,5242_1492,Parnell,25.Sat.93-GRN-y11-16,1,5242_7778148_Txc105185,5242_14,2026-06-26T14:46:10.246836+00:00
10000 GREEN g a,21,5242_1493,Parnell,25.gf.93-GRN-y11-16.,1,5242_7778148_Txc105187,5242_14,2026-06-26T14:46:10.246836+00:00
10000 GREEN g a,23,5242_1497,Broombridge,16.SuBH.93-GRN-y11-1,1,5242_7778148_Txc104876,5242_13,2026-06-26T14:46:10.246836+00:00
10000 GREEN g a,20,5242_1502,Parnell,66.MF-BH.93-GRN-y11-,1,5242_7778148_Txc105542,5242_14,2026-06-26T14:46:10.246836+00:00
10000 GREEN g a,22,5242_1503,Broombridge,24.Sat.93-GRN-y11-16,1,5242_7778148_Txc105151,5242_12,2026-06-26T14:46:10.246836+00:00
10000 GREEN g a,21,5242_1504,Broombridge,24.gf.93-GRN-y11-16.,1,5242_7778148_Txc105153,5242_12,2026-06-26T14:46:10.246836+00:00
10000 GREEN g a,23,5242_1508,Broombridge,17.SuBH.93-GRN-y11-1,1,5242_7778148_Txc104910,5242_13,2026-06-26T14:46:10.246836+00:00
10000 GREEN g a,22,5242_1513,Parnell,27.Sat.93-GRN-y11-16,1,5242_7778148_Txc105253,5242_14,2026-06-26T14:46:10.246836+00:00
10000 GREEN g a,21,5242_1514,Parnell,27.gf.93-GRN-y11-16.,1,5242_7778148_Txc105255,5242_14,2026-06-26T14:46:10.246836+00:00
10000 GREEN g a,20,5242_1518,Broombridge,65.MF-BH.93-GRN-y11-,1,5242_7778148_Txc105538,5242_12,2026-06-26T14:46:10.246836+00:00
10000 GREEN g a,20,5242_1519,Parnell,68.MF-BH.93-GRN-y11-,1,5242_7778148_Txc105550,5242_14,2026-06-26T14:46:10.246836+00:00
10000 GREEN g a,23,5242_1520,Broombridge,18.SuBH.93-GRN-y11-1,1,5242_7778148_Txc104944,5242_13,2026-06-26T14:46:10.246836+00:00
10000 GREEN g a,22,5242_1525,Broombridge,26.Sat.93-GRN-y11-16,1,5242_7778148_Txc105219,5242_12,2026-06-26T14:46:10.246836+00:00
10000 GREEN g a,21,5242_1526,Broombridge,26.gf.93-GRN-y11-16.,1,5242_7778148_Txc105221,5242_12,2026-06-26T14:46:10.246836+00:00
10000 GREEN g a,22,5242_153,Brides Glen,148.Sat.93-GRN-y11-1,0,5242_7778148_Txc104825,5242_1,2026-06-26T14:46:10.246836+00:00
10000 GREEN g a,22,5242_1530,Parnell,29.Sat.93-GRN-y11-16,1,5242_7778148_Txc105285,5242_14,2026-06-26T14:46:10.246836+00:00
10000 GREEN g a,21,5242_1531,Parnell,29.gf.93-GRN-y11-16.,1,5242_7778148_Txc105287,5242_14,2026-06-26T14:46:10.246836+00:00
10000 GREEN g a,20,5242_1532,Broombridge,69.MF-BH.93-GRN-y11-,1,5242_7778148_Txc105554,5242_13,2026-06-26T14:46:10.246836+00:00
10000 GREEN g a,20,5242_1536,Broombridge,67.MF-BH.93-GRN-y11-,1,5242_7778148_Txc105546,5242_12,2026-06-26T14:46:10.246836+00:00
10000 GREEN g a,23,5242_1537,Broombridge,19.SuBH.93-GRN-y11-1,1,5242_7778148_Txc104978,5242_13,2026-06-26T14:46:10.246836+00:00
10000 GREEN g a,20,5242_1538,Parnell,70.MF-BH.93-GRN-y11-,1,5242_7778148_Txc105562,5242_14,2026-06-26T14:46:10.246836+00:00
10000 GREEN g a,21,5242_154,Brides Glen,148.gf.93-GRN-y11-16,0,5242_7778148_Txc104827,5242_1,2026-06-26T14:46:10.246836+00:00
10000 GREEN g a,22,5242_1543,Broombridge,28.Sat.93-GRN-y11-16,1,5242_7778148_Txc105271,5242_12,2026-06-26T14:46:10.246836+00:00
10000 GREEN g a,21,5242_1544,Broombridge,28.gf.93-GRN-y11-16.,1,5242_7778148_Txc105273,5242_12,2026-06-26T14:46:10.246836+00:00
10000 GREEN g a,22,5242_1548,Parnell,31.Sat.93-GRN-y11-16,1,5242_7778148_Txc105317,5242_14,2026-06-26T14:46:10.246836+00:00
10000 GREEN g a,21,5242_1549,Parnell,31.gf.93-GRN-y11-16.,1,5242_7778148_Txc105319,5242_14,2026-06-26T14:46:10.246836+00:00
10000 GREEN g a,20,5242_155,Brides Glen,231.MF-BH.93-GRN-y11,0,5242_7778148_Txc105123,5242_5,2026-06-26T14:46:10.246836+00:00
10000 GREEN g a,23,5242_1553,Broombridge,20.SuBH.93-GRN-y11-1,1,5242_7778148_Txc105016,5242_13,2026-06-26T14:46:10.246836+00:00
10000 GREEN g a,20,5242_1554,Parnell,72.MF-BH.93-GRN-y11-,1,5242_7778148_Txc105570,5242_14,2026-06-26T14:46:10.246836+00:00
10000 GREEN g a,22,5242_1559,Broombridge,30.Sat.93-GRN-y11-16,1,5242_7778148_Txc105303,5242_12,2026-06-26T14:46:10.246836+00:00
10000 GREEN g a,21,5242_1560,Broombridge,30.gf.93-GRN-y11-16.,1,5242_7778148_Txc105305,5242_12,2026-06-26T14:46:10.246836+00:00
10000 GREEN g a,22,5242_1564,Parnell,33.Sat.93-GRN-y11-16,1,5242_7778148_Txc105345,5242_14,2026-06-26T14:46:10.246836+00:00
10000 GREEN g a,21,5242_1565,Parnell,33.gf.93-GRN-y11-16.,1,5242_7778148_Txc105347,5242_14,2026-06-26T14:46:10.246836+00:00
10000 GREEN g a,23,5242_1569,Broombridge,21.SuBH.93-GRN-y11-1,1,5242_7778148_Txc105050,5242_13,2026-06-26T14:46:10.246836+00:00
10000 GREEN g a,20,5242_1570,Broombridge,71.MF-BH.93-GRN-y11-,1,5242_7778148_Txc105566,5242_12,2026-06-26T14:46:10.246836+00:00
10000 GREEN g a,20,5242_1575,Parnell,74.MF-BH.93-GRN-y11-,1,5242_7778148_Txc105578,5242_14,2026-06-26T14:46:10.246836+00:00
10000 GREEN g a,22,5242_1576,Broombridge,32.Sat.93-GRN-y11-16,1,5242_7778148_Txc105331,5242_12,2026-06-26T14:46:10.246836+00:00
10000 GREEN g a,21,5242_1577,Broombridge,32.gf.93-GRN-y11-16.,1,5242_7778148_Txc105333,5242_12,2026-06-26T14:46:10.246836+00:00
10000 GREEN g a,23,5242_1581,Broombridge,22.SuBH.93-GRN-y11-1,1,5242_7778148_Txc105084,5242_13,2026-06-26T14:46:10.246836+00:00
10000 GREEN g a,20,5242_1586,Broombridge,73.MF-BH.93-GRN-y11-,1,5242_7778148_Txc105574,5242_12,2026-06-26T14:46:10.246836+00:00
10000 GREEN g a,22,5242_1587,Parnell,35.Sat.93-GRN-y11-16,1,5242_7778148_Txc105373,5242_14,2026-06-26T14:46:10.246836+00:00
10000 GREEN g a,21,5242_1588,Parnell,35.gf.93-GRN-y11-16.,1,5242_7778148_Txc105375,5242_14,2026-06-26T14:46:10.246836+00:00
10000 GREEN g a,20,5242_1589,Parnell,76.MF-BH.93-GRN-y11-,1,5242_7778148_Txc105586,5242_14,2026-06-26T14:46:10.246836+00:00
10000 GREEN g a,20,5242_159,Sandyford,233.MF-BH.93-GRN-y11,0,5242_7778148_Txc105129,5242_8,2026-06-26T14:46:10.246836+00:00
10000 GREEN g a,23,5242_1593,Broombridge,23.SuBH.93-GRN-y11-1,1,5242_7778148_Txc105118,5242_13,2026-06-26T14:46:10.246836+00:00
10000 GREEN g a,22,5242_1598,Broombridge,34.Sat.93-GRN-y11-16,1,5242_7778148_Txc105359,5242_12,2026-06-26T14:46:10.246836+00:00
10000 GREEN g a,21,5242_1599,Broombridge,34.gf.93-GRN-y11-16.,1,5242_7778148_Txc105361,5242_12,2026-06-26T14:46:10.246836+00:00
10000 GREEN g a,22,5242_160,Sandyford,149.Sat.93-GRN-y11-1,0,5242_7778148_Txc104829,5242_4,2026-06-26T14:46:10.246836+00:00
10000 GREEN g a,20,5242_1603,Broombridge,75.MF-BH.93-GRN-y11-,1,5242_7778148_Txc105582,5242_12,2026-06-26T14:46:10.246836+00:00
10000 GREEN g a,20,5242_1604,Parnell,78.MF-BH.93-GRN-y11-,1,5242_7778148_Txc105594,5242_14,2026-06-26T14:46:10.246836+00:00
10000 GREEN g a,22,5242_1605,Parnell,37.Sat.93-GRN-y11-16,1,5242_7778148_Txc105401,5242_14,2026-06-26T14:46:10.246836+00:00
10000 GREEN g a,21,5242_1606,Parnell,37.gf.93-GRN-y11-16.,1,5242_7778148_Txc105403,5242_14,2026-06-26T14:46:10.246836+00:00
10000 GREEN g a,21,5242_161,Sandyford,149.gf.93-GRN-y11-16,0,5242_7778148_Txc104831,5242_4,2026-06-26T14:46:10.246836+00:00
10000 GREEN g a,23,5242_1610,Broombridge,24.SuBH.93-GRN-y11-1,1,5242_7778148_Txc105152,5242_13,2026-06-26T14:46:10.246836+00:00
10000 GREEN g a,20,5242_1615,Broombridge,77.MF-BH.93-GRN-y11-,1,5242_7778148_Txc105590,5242_12,2026-06-26T14:46:10.246836+00:00
10000 GREEN g a,22,5242_1616,Broombridge,36.Sat.93-GRN-y11-16,1,5242_7778148_Txc105387,5242_12,2026-06-26T14:46:10.246836+00:00
10000 GREEN g a,21,5242_1617,Broombridge,36.gf.93-GRN-y11-16.,1,5242_7778148_Txc105389,5242_12,2026-06-26T14:46:10.246836+00:00
10000 GREEN g a,20,5242_1618,Parnell,80.MF-BH.93-GRN-y11-,1,5242_7778148_Txc105606,5242_14,2026-06-26T14:46:10.246836+00:00
10000 GREEN g a,22,5242_1622,Parnell,39.Sat.93-GRN-y11-16,1,5242_7778148_Txc105423,5242_14,2026-06-26T14:46:10.246836+00:00
10000 GREEN g a,21,5242_1623,Parnell,39.gf.93-GRN-y11-16.,1,5242_7778148_Txc105425,5242_14,2026-06-26T14:46:10.246836+00:00
10000 GREEN g a,23,5242_1627,Broombridge,25.SuBH.93-GRN-y11-1,1,5242_7778148_Txc105186,5242_13,2026-06-26T14:46:10.246836+00:00
10000 GREEN g a,20,5242_1632,Broombridge,79.MF-BH.93-GRN-y11-,1,5242_7778148_Txc105598,5242_12,2026-06-26T14:46:10.246836+00:00
10000 GREEN g a,20,5242_1633,Parnell,82.MF-BH.93-GRN-y11-,1,5242_7778148_Txc105614,5242_14,2026-06-26T14:46:10.246836+00:00
10000 GREEN g a,22,5242_1634,Broombridge,38.Sat.93-GRN-y11-16,1,5242_7778148_Txc105415,5242_12,2026-06-26T14:46:10.246836+00:00
10000 GREEN g a,21,5242_1635,Broombridge,38.gf.93-GRN-y11-16.,1,5242_7778148_Txc105417,5242_12,2026-06-26T14:46:10.246836+00:00
10000 GREEN g a,22,5242_1639,Parnell,41.Sat.93-GRN-y11-16,1,5242_7778148_Txc105435,5242_14,2026-06-26T14:46:10.246836+00:00
10000 GREEN g a,21,5242_1640,Parnell,41.gf.93-GRN-y11-16.,1,5242_7778148_Txc105437,5242_14,2026-06-26T14:46:10.246836+00:00
10000 GREEN g a,23,5242_1644,Broombridge,26.SuBH.93-GRN-y11-1,1,5242_7778148_Txc105220,5242_13,2026-06-26T14:46:10.246836+00:00
10000 GREEN g a,20,5242_1649,Broombridge,81.MF-BH.93-GRN-y11-,1,5242_7778148_Txc105610,5242_12,2026-06-26T14:46:10.246836+00:00
10000 GREEN g a,20,5242_165,Brides Glen,234.MF-BH.93-GRN-y11,0,5242_7778148_Txc105132,5242_5,2026-06-26T14:46:10.246836+00:00
10000 GREEN g a,20,5242_1650,Parnell,84.MF-BH.93-GRN-y11-,1,5242_7778148_Txc105622,5242_14,2026-06-26T14:46:10.246836+00:00
10000 GREEN g a,22,5242_1651,Broombridge,40.Sat.93-GRN-y11-16,1,5242_7778148_Txc105431,5242_12,2026-06-26T14:46:10.246836+00:00
10000 GREEN g a,21,5242_1652,Broombridge,40.gf.93-GRN-y11-16.,1,5242_7778148_Txc105433,5242_12,2026-06-26T14:46:10.246836+00:00
10000 GREEN g a,23,5242_1656,Broombridge,27.SuBH.93-GRN-y11-1,1,5242_7778148_Txc105254,5242_13,2026-06-26T14:46:10.246836+00:00
10000 GREEN g a,20,5242_166,Sandyford,238.MF-BH.93-GRN-y11,0,5242_7778148_Txc105144,5242_4,2026-06-26T14:46:10.246836+00:00
10000 GREEN g a,22,5242_1661,Parnell,43.Sat.93-GRN-y11-16,1,5242_7778148_Txc105443,5242_14,2026-06-26T14:46:10.246836+00:00
10000 GREEN g a,21,5242_1662,Parnell,43.gf.93-GRN-y11-16.,1,5242_7778148_Txc105445,5242_14,2026-06-26T14:46:10.246836+00:00
10000 GREEN g a,20,5242_1666,Broombridge,83.MF-BH.93-GRN-y11-,1,5242_7778148_Txc105618,5242_12,2026-06-26T14:46:10.246836+00:00
10000 GREEN g a,20,5242_1667,Parnell,86.MF-BH.93-GRN-y11-,1,5242_7778148_Txc105630,5242_14,2026-06-26T14:46:10.246836+00:00
10000 GREEN g a,23,5242_1668,Broombridge,28.SuBH.93-GRN-y11-1,1,5242_7778148_Txc105272,5242_13,2026-06-26T14:46:10.246836+00:00
10000 GREEN g a,23,5242_167,Brides Glen,89.SuBH.93-GRN-y11-1,0,5242_7778148_Txc105644,5242_1,2026-06-26T14:46:10.246836+00:00
10000 GREEN g a,22,5242_1673,Broombridge,42.Sat.93-GRN-y11-16,1,5242_7778148_Txc105439,5242_12,2026-06-26T14:46:10.246836+00:00
10000 GREEN g a,21,5242_1674,Broombridge,42.gf.93-GRN-y11-16.,1,5242_7778148_Txc105441,5242_12,2026-06-26T14:46:10.246836+00:00
10000 GREEN g a,22,5242_1678,Parnell,45.Sat.93-GRN-y11-16,1,5242_7778148_Txc105451,5242_14,2026-06-26T14:46:10.246836+00:00
10000 GREEN g a,21,5242_1679,Parnell,45.gf.93-GRN-y11-16.,1,5242_7778148_Txc105453,5242_14,2026-06-26T14:46:10.246836+00:00
10000 GREEN g a,20,5242_1683,Broombridge,85.MF-BH.93-GRN-y11-,1,5242_7778148_Txc105626,5242_12,2026-06-26T14:46:10.246836+00:00
10000 GREEN g a,20,5242_1684,Parnell,88.MF-BH.93-GRN-y11-,1,5242_7778148_Txc105638,5242_14,2026-06-26T14:46:10.246836+00:00
10000 GREEN g a,23,5242_1685,Broombridge,29.SuBH.93-GRN-y11-1,1,5242_7778148_Txc105286,5242_13,2026-06-26T14:46:10.246836+00:00
10000 GREEN g a,22,5242_1690,Broombridge,44.Sat.93-GRN-y11-16,1,5242_7778148_Txc105447,5242_12,2026-06-26T14:46:10.246836+00:00
10000 GREEN g a,21,5242_1691,Broombridge,44.gf.93-GRN-y11-16.,1,5242_7778148_Txc105449,5242_12,2026-06-26T14:46:10.246836+00:00
10000 GREEN g a,22,5242_1695,Parnell,47.Sat.93-GRN-y11-16,1,5242_7778148_Txc105459,5242_14,2026-06-26T14:46:10.246836+00:00
10000 GREEN g a,21,5242_1696,Parnell,47.gf.93-GRN-y11-16.,1,5242_7778148_Txc105461,5242_14,2026-06-26T14:46:10.246836+00:00
10000 GREEN g a,22,5242_17,Brides Glen,138.Sat.93-GRN-y11-1,0,5242_7778148_Txc104781,5242_1,2026-06-26T14:46:10.246836+00:00
10000 GREEN g a,20,5242_1700,Broombridge,87.MF-BH.93-GRN-y11-,1,5242_7778148_Txc105634,5242_12,2026-06-26T14:46:10.246836+00:00
10000 GREEN g a,20,5242_1701,Parnell,90.MF-BH.93-GRN-y11-,1,5242_7778148_Txc105650,5242_14,2026-06-26T14:46:10.246836+00:00
10000 GREEN g a,23,5242_1702,Broombridge,30.SuBH.93-GRN-y11-1,1,5242_7778148_Txc105304,5242_13,2026-06-26T14:46:10.246836+00:00
10000 GREEN g a,22,5242_1707,Broombridge,46.Sat.93-GRN-y11-16,1,5242_7778148_Txc105455,5242_12,2026-06-26T14:46:10.246836+00:00
10000 GREEN g a,21,5242_1708,Broombridge,46.gf.93-GRN-y11-16.,1,5242_7778148_Txc105457,5242_12,2026-06-26T14:46:10.246836+00:00
10000 GREEN g a,22,5242_1712,Parnell,49.Sat.93-GRN-y11-16,1,5242_7778148_Txc105467,5242_14,2026-06-26T14:46:10.246836+00:00
10000 GREEN g a,21,5242_1713,Parnell,49.gf.93-GRN-y11-16.,1,5242_7778148_Txc105469,5242_14,2026-06-26T14:46:10.246836+00:00
10000 GREEN g a,20,5242_1717,Broombridge,89.MF-BH.93-GRN-y11-,1,5242_7778148_Txc105642,5242_12,2026-06-26T14:46:10.246836+00:00
10000 GREEN g a,20,5242_1718,Parnell,92.MF-BH.93-GRN-y11-,1,5242_7778148_Txc105658,5242_14,2026-06-26T14:46:10.246836+00:00
10000 GREEN g a,23,5242_1719,Broombridge,31.SuBH.93-GRN-y11-1,1,5242_7778148_Txc105318,5242_13,2026-06-26T14:46:10.246836+00:00
10000 GREEN g a,20,5242_172,Sandyford,236.MF-BH.93-GRN-y11,0,5242_7778148_Txc105138,5242_8,2026-06-26T14:46:10.246836+00:00
10000 GREEN g a,22,5242_1724,Broombridge,48.Sat.93-GRN-y11-16,1,5242_7778148_Txc105463,5242_12,2026-06-26T14:46:10.246836+00:00
10000 GREEN g a,21,5242_1725,Broombridge,48.gf.93-GRN-y11-16.,1,5242_7778148_Txc105465,5242_12,2026-06-26T14:46:10.246836+00:00
10000 GREEN g a,22,5242_1729,Parnell,51.Sat.93-GRN-y11-16,1,5242_7778148_Txc105479,5242_14,2026-06-26T14:46:10.246836+00:00
10000 GREEN g a,22,5242_173,Brides Glen,150.Sat.93-GRN-y11-1,0,5242_7778148_Txc104837,5242_1,2026-06-26T14:46:10.246836+00:00
10000 GREEN g a,21,5242_1730,Parnell,51.gf.93-GRN-y11-16.,1,5242_7778148_Txc105481,5242_14,2026-06-26T14:46:10.246836+00:00
10000 GREEN g a,20,5242_1734,Broombridge,91.MF-BH.93-GRN-y11-,1,5242_7778148_Txc105654,5242_12,2026-06-26T14:46:10.246836+00:00
10000 GREEN g a,20,5242_1735,Parnell,94.MF-BH.93-GRN-y11-,1,5242_7778148_Txc105666,5242_14,2026-06-26T14:46:10.246836+00:00
10000 GREEN g a,23,5242_1736,Broombridge,32.SuBH.93-GRN-y11-1,1,5242_7778148_Txc105332,5242_13,2026-06-26T14:46:10.246836+00:00
10000 GREEN g a,21,5242_174,Brides Glen,150.gf.93-GRN-y11-16,0,5242_7778148_Txc104839,5242_1,2026-06-26T14:46:10.246836+00:00
10000 GREEN g a,22,5242_1741,Broombridge,50.Sat.93-GRN-y11-16,1,5242_7778148_Txc105475,5242_12,2026-06-26T14:46:10.246836+00:00
10000 GREEN g a,21,5242_1742,Broombridge,50.gf.93-GRN-y11-16.,1,5242_7778148_Txc105477,5242_12,2026-06-26T14:46:10.246836+00:00
10000 GREEN g a,22,5242_1746,Parnell,53.Sat.93-GRN-y11-16,1,5242_7778148_Txc105487,5242_14,2026-06-26T14:46:10.246836+00:00
10000 GREEN g a,21,5242_1747,Parnell,53.gf.93-GRN-y11-16.,1,5242_7778148_Txc105489,5242_14,2026-06-26T14:46:10.246836+00:00
10000 GREEN g a,20,5242_1751,Broombridge,93.MF-BH.93-GRN-y11-,1,5242_7778148_Txc105662,5242_12,2026-06-26T14:46:10.246836+00:00
10000 GREEN g a,23,5242_1752,Broombridge,33.SuBH.93-GRN-y11-1,1,5242_7778148_Txc105346,5242_13,2026-06-26T14:46:10.246836+00:00
10000 GREEN g a,20,5242_1753,Parnell,96.MF-BH.93-GRN-y11-,1,5242_7778148_Txc105674,5242_14,2026-06-26T14:46:10.246836+00:00
10000 GREEN g a,22,5242_1758,Broombridge,52.Sat.93-GRN-y11-16,1,5242_7778148_Txc105483,5242_12,2026-06-26T14:46:10.246836+00:00
10000 GREEN g a,21,5242_1759,Broombridge,52.gf.93-GRN-y11-16.,1,5242_7778148_Txc105485,5242_12,2026-06-26T14:46:10.246836+00:00
10000 GREEN g a,22,5242_1763,Parnell,55.Sat.93-GRN-y11-16,1,5242_7778148_Txc105495,5242_14,2026-06-26T14:46:10.246836+00:00
10000 GREEN g a,21,5242_1764,Parnell,55.gf.93-GRN-y11-16.,1,5242_7778148_Txc105497,5242_14,2026-06-26T14:46:10.246836+00:00
10000 GREEN g a,23,5242_1768,Broombridge,34.SuBH.93-GRN-y11-1,1,5242_7778148_Txc105360,5242_13,2026-06-26T14:46:10.246836+00:00
10000 GREEN g a,20,5242_1769,Broombridge,95.MF-BH.93-GRN-y11-,1,5242_7778148_Txc105670,5242_12,2026-06-26T14:46:10.246836+00:00
10000 GREEN g a,20,5242_1774,Parnell,98.MF-BH.93-GRN-y11-,1,5242_7778148_Txc105682,5242_14,2026-06-26T14:46:10.246836+00:00
10000 GREEN g a,22,5242_1775,Broombridge,54.Sat.93-GRN-y11-16,1,5242_7778148_Txc105491,5242_12,2026-06-26T14:46:10.246836+00:00
10000 GREEN g a,21,5242_1776,Broombridge,54.gf.93-GRN-y11-16.,1,5242_7778148_Txc105493,5242_12,2026-06-26T14:46:10.246836+00:00
10000 GREEN g a,20,5242_178,Sandyford,240.MF-BH.93-GRN-y11,0,5242_7778148_Txc105154,5242_4,2026-06-26T14:46:10.246836+00:00
10000 GREEN g a,22,5242_1780,Parnell,57.Sat.93-GRN-y11-16,1,5242_7778148_Txc105503,5242_14,2026-06-26T14:46:10.246836+00:00
10000 GREEN g a,21,5242_1781,Parnell,57.gf.93-GRN-y11-16.,1,5242_7778148_Txc105505,5242_14,2026-06-26T14:46:10.246836+00:00
10000 GREEN g a,23,5242_1785,Broombridge,35.SuBH.93-GRN-y11-1,1,5242_7778148_Txc105374,5242_13,2026-06-26T14:46:10.246836+00:00
10000 GREEN g a,20,5242_179,Brides Glen,237.MF-BH.93-GRN-y11,0,5242_7778148_Txc105141,5242_5,2026-06-26T14:46:10.246836+00:00
10000 GREEN g a,20,5242_1790,Broombridge,97.MF-BH.93-GRN-y11-,1,5242_7778148_Txc105678,5242_12,2026-06-26T14:46:10.246836+00:00
10000 GREEN g a,20,5242_1791,Parnell,100.MF-BH.93-GRN-y11,1,5242_7778148_Txc104616,5242_14,2026-06-26T14:46:10.246836+00:00
10000 GREEN g a,22,5242_1792,Broombridge,56.Sat.93-GRN-y11-16,1,5242_7778148_Txc105499,5242_12,2026-06-26T14:46:10.246836+00:00
10000 GREEN g a,21,5242_1793,Broombridge,56.gf.93-GRN-y11-16.,1,5242_7778148_Txc105501,5242_12,2026-06-26T14:46:10.246836+00:00
10000 GREEN g a,23,5242_1797,Broombridge,36.SuBH.93-GRN-y11-1,1,5242_7778148_Txc105388,5242_13,2026-06-26T14:46:10.246836+00:00
10000 GREEN g a,22,5242_1798,Parnell,59.Sat.93-GRN-y11-16,1,5242_7778148_Txc105511,5242_14,2026-06-26T14:46:10.246836+00:00
10000 GREEN g a,21,5242_1799,Parnell,59.gf.93-GRN-y11-16.,1,5242_7778148_Txc105513,5242_14,2026-06-26T14:46:10.246836+00:00
10000 GREEN g a,21,5242_18,Brides Glen,138.gf.93-GRN-y11-16,0,5242_7778148_Txc104783,5242_1,2026-06-26T14:46:10.246836+00:00
10000 GREEN g a,22,5242_180,Sandyford,151.Sat.93-GRN-y11-1,0,5242_7778148_Txc104841,5242_4,2026-06-26T14:46:10.246836+00:00
10000 GREEN g a,20,5242_1807,Broombridge,99.MF-BH.93-GRN-y11-,1,5242_7778148_Txc105686,5242_12,2026-06-26T14:46:10.246836+00:00
10000 GREEN g a,20,5242_1808,Parnell,102.MF-BH.93-GRN-y11,1,5242_7778148_Txc104624,5242_14,2026-06-26T14:46:10.246836+00:00
10000 GREEN g a,23,5242_1809,Broombridge,37.SuBH.93-GRN-y11-1,1,5242_7778148_Txc105402,5242_13,2026-06-26T14:46:10.246836+00:00
10000 GREEN g a,21,5242_181,Sandyford,151.gf.93-GRN-y11-16,0,5242_7778148_Txc104843,5242_4,2026-06-26T14:46:10.246836+00:00
10000 GREEN g a,22,5242_1810,Broombridge,58.Sat.93-GRN-y11-16,1,5242_7778148_Txc105507,5242_12,2026-06-26T14:46:10.246836+00:00
10000 GREEN g a,21,5242_1811,Broombridge,58.gf.93-GRN-y11-16.,1,5242_7778148_Txc105509,5242_12,2026-06-26T14:46:10.246836+00:00
10000 GREEN g a,22,5242_1819,Parnell,61.Sat.93-GRN-y11-16,1,5242_7778148_Txc105523,5242_14,2026-06-26T14:46:10.246836+00:00
10000 GREEN g a,21,5242_1820,Parnell,61.gf.93-GRN-y11-16.,1,5242_7778148_Txc105525,5242_14,2026-06-26T14:46:10.246836+00:00
10000 GREEN g a,20,5242_1824,Broombridge,101.MF-BH.93-GRN-y11,1,5242_7778148_Txc104620,5242_12,2026-06-26T14:46:10.246836+00:00
10000 GREEN g a,20,5242_1825,Parnell,104.MF-BH.93-GRN-y11,1,5242_7778148_Txc104632,5242_14,2026-06-26T14:46:10.246836+00:00
10000 GREEN g a,23,5242_1826,Broombridge,38.SuBH.93-GRN-y11-1,1,5242_7778148_Txc105416,5242_13,2026-06-26T14:46:10.246836+00:00
10000 GREEN g a,22,5242_1831,Broombridge,60.Sat.93-GRN-y11-16,1,5242_7778148_Txc105519,5242_12,2026-06-26T14:46:10.246836+00:00
10000 GREEN g a,21,5242_1832,Broombridge,60.gf.93-GRN-y11-16.,1,5242_7778148_Txc105521,5242_12,2026-06-26T14:46:10.246836+00:00
10000 GREEN g a,22,5242_1836,Parnell,63.Sat.93-GRN-y11-16,1,5242_7778148_Txc105531,5242_14,2026-06-26T14:46:10.246836+00:00
10000 GREEN g a,21,5242_1837,Parnell,63.gf.93-GRN-y11-16.,1,5242_7778148_Txc105533,5242_14,2026-06-26T14:46:10.246836+00:00
10000 GREEN g a,20,5242_1841,Broombridge,103.MF-BH.93-GRN-y11,1,5242_7778148_Txc104628,5242_12,2026-06-26T14:46:10.246836+00:00
10000 GREEN g a,20,5242_1842,Parnell,106.MF-BH.93-GRN-y11,1,5242_7778148_Txc104640,5242_14,2026-06-26T14:46:10.246836+00:00
10000 GREEN g a,23,5242_1843,Broombridge,39.SuBH.93-GRN-y11-1,1,5242_7778148_Txc105424,5242_13,2026-06-26T14:46:10.246836+00:00
10000 GREEN g a,22,5242_1848,Broombridge,62.Sat.93-GRN-y11-16,1,5242_7778148_Txc105527,5242_12,2026-06-26T14:46:10.246836+00:00
10000 GREEN g a,21,5242_1849,Broombridge,62.gf.93-GRN-y11-16.,1,5242_7778148_Txc105529,5242_12,2026-06-26T14:46:10.246836+00:00
10000 GREEN g a,20,5242_185,Brides Glen,239.MF-BH.93-GRN-y11,0,5242_7778148_Txc105147,5242_5,2026-06-26T14:46:10.246836+00:00
10000 GREEN g a,22,5242_1853,Parnell,65.Sat.93-GRN-y11-16,1,5242_7778148_Txc105539,5242_14,2026-06-26T14:46:10.246836+00:00
10000 GREEN g a,21,5242_1854,Parnell,65.gf.93-GRN-y11-16.,1,5242_7778148_Txc105541,5242_14,2026-06-26T14:46:10.246836+00:00
10000 GREEN g a,20,5242_1858,Broombridge,105.MF-BH.93-GRN-y11,1,5242_7778148_Txc104636,5242_12,2026-06-26T14:46:10.246836+00:00
10000 GREEN g a,20,5242_1859,Parnell,108.MF-BH.93-GRN-y11,1,5242_7778148_Txc104648,5242_14,2026-06-26T14:46:10.246836+00:00
10000 GREEN g a,20,5242_186,Brides Glen,242.MF-BH.93-GRN-y11,0,5242_7778148_Txc105160,5242_1,2026-06-26T14:46:10.246836+00:00
10000 GREEN g a,23,5242_1860,Broombridge,40.SuBH.93-GRN-y11-1,1,5242_7778148_Txc105432,5242_13,2026-06-26T14:46:10.246836+00:00
10000 GREEN g a,22,5242_1865,Broombridge,64.Sat.93-GRN-y11-16,1,5242_7778148_Txc105535,5242_12,2026-06-26T14:46:10.246836+00:00
10000 GREEN g a,21,5242_1866,Broombridge,64.gf.93-GRN-y11-16.,1,5242_7778148_Txc105537,5242_12,2026-06-26T14:46:10.246836+00:00
10000 GREEN g a,23,5242_187,Brides Glen,90.SuBH.93-GRN-y11-1,0,5242_7778148_Txc105652,5242_1,2026-06-26T14:46:10.246836+00:00
10000 GREEN g a,22,5242_1870,Parnell,67.Sat.93-GRN-y11-16,1,5242_7778148_Txc105547,5242_14,2026-06-26T14:46:10.246836+00:00
10000 GREEN g a,21,5242_1871,Parnell,67.gf.93-GRN-y11-16.,1,5242_7778148_Txc105549,5242_14,2026-06-26T14:46:10.246836+00:00
10000 GREEN g a,20,5242_1875,Broombridge,107.MF-BH.93-GRN-y11,1,5242_7778148_Txc104644,5242_12,2026-06-26T14:46:10.246836+00:00
10000 GREEN g a,20,5242_1876,Parnell,110.MF-BH.93-GRN-y11,1,5242_7778148_Txc104660,5242_14,2026-06-26T14:46:10.246836+00:00
10000 GREEN g a,23,5242_1877,Broombridge,41.SuBH.93-GRN-y11-1,1,5242_7778148_Txc105436,5242_13,2026-06-26T14:46:10.246836+00:00
10000 GREEN g a,22,5242_1882,Broombridge,66.Sat.93-GRN-y11-16,1,5242_7778148_Txc105543,5242_12,2026-06-26T14:46:10.246836+00:00
10000 GREEN g a,21,5242_1883,Broombridge,66.gf.93-GRN-y11-16.,1,5242_7778148_Txc105545,5242_12,2026-06-26T14:46:10.246836+00:00
10000 GREEN g a,22,5242_1887,Parnell,69.Sat.93-GRN-y11-16,1,5242_7778148_Txc105555,5242_14,2026-06-26T14:46:10.246836+00:00
10000 GREEN g a,21,5242_1888,Parnell,69.gf.93-GRN-y11-16.,1,5242_7778148_Txc105557,5242_14,2026-06-26T14:46:10.246836+00:00
10000 GREEN g a,20,5242_1892,Broombridge,109.MF-BH.93-GRN-y11,1,5242_7778148_Txc104652,5242_12,2026-06-26T14:46:10.246836+00:00
10000 GREEN g a,20,5242_1893,Parnell,112.MF-BH.93-GRN-y11,1,5242_7778148_Txc104668,5242_14,2026-06-26T14:46:10.246836+00:00
10000 GREEN g a,23,5242_1894,Broombridge,42.SuBH.93-GRN-y11-1,1,5242_7778148_Txc105440,5242_13,2026-06-26T14:46:10.246836+00:00
10000 GREEN g a,22,5242_1899,Broombridge,68.Sat.93-GRN-y11-16,1,5242_7778148_Txc105551,5242_12,2026-06-26T14:46:10.246836+00:00
10000 GREEN g a,21,5242_1900,Broombridge,68.gf.93-GRN-y11-16.,1,5242_7778148_Txc105553,5242_12,2026-06-26T14:46:10.246836+00:00
10000 GREEN g a,22,5242_1904,Parnell,71.Sat.93-GRN-y11-16,1,5242_7778148_Txc105567,5242_14,2026-06-26T14:46:10.246836+00:00
10000 GREEN g a,21,5242_1905,Parnell,71.gf.93-GRN-y11-16.,1,5242_7778148_Txc105569,5242_14,2026-06-26T14:46:10.246836+00:00
10000 GREEN g a,20,5242_1909,Broombridge,111.MF-BH.93-GRN-y11,1,5242_7778148_Txc104664,5242_12,2026-06-26T14:46:10.246836+00:00
10000 GREEN g a,20,5242_1910,Parnell,114.MF-BH.93-GRN-y11,1,5242_7778148_Txc104676,5242_14,2026-06-26T14:46:10.246836+00:00
10000 GREEN g a,23,5242_1911,Broombridge,43.SuBH.93-GRN-y11-1,1,5242_7778148_Txc105444,5242_13,2026-06-26T14:46:10.246836+00:00
10000 GREEN g a,22,5242_1916,Broombridge,70.Sat.93-GRN-y11-16,1,5242_7778148_Txc105563,5242_12,2026-06-26T14:46:10.246836+00:00
10000 GREEN g a,21,5242_1917,Broombridge,70.gf.93-GRN-y11-16.,1,5242_7778148_Txc105565,5242_12,2026-06-26T14:46:10.246836+00:00
10000 GREEN g a,20,5242_192,Sandyford,241.MF-BH.93-GRN-y11,0,5242_7778148_Txc105157,5242_8,2026-06-26T14:46:10.246836+00:00
10000 GREEN g a,20,5242_1921,Parnell,116.MF-BH.93-GRN-y11,1,5242_7778148_Txc104684,5242_14,2026-06-26T14:46:10.246836+00:00
10000 GREEN g a,22,5242_1922,Parnell,73.Sat.93-GRN-y11-16,1,5242_7778148_Txc105575,5242_17,2026-06-26T14:46:10.246836+00:00
10000 GREEN g a,21,5242_1923,Parnell,73.gf.93-GRN-y11-16.,1,5242_7778148_Txc105577,5242_17,2026-06-26T14:46:10.246836+00:00
10000 GREEN g a,20,5242_1927,Broombridge,113.MF-BH.93-GRN-y11,1,5242_7778148_Txc104672,5242_12,2026-06-26T14:46:10.246836+00:00
10000 GREEN g a,23,5242_1928,Broombridge,44.SuBH.93-GRN-y11-1,1,5242_7778148_Txc105448,5242_13,2026-06-26T14:46:10.246836+00:00
10000 GREEN g a,20,5242_193,Sandyford,244.MF-BH.93-GRN-y11,0,5242_7778148_Txc105166,5242_4,2026-06-26T14:46:10.246836+00:00
10000 GREEN g a,20,5242_1933,Parnell,118.MF-BH.93-GRN-y11,1,5242_7778148_Txc104692,5242_14,2026-06-26T14:46:10.246836+00:00
10000 GREEN g a,22,5242_1934,Broombridge,72.Sat.93-GRN-y11-16,1,5242_7778148_Txc105571,5242_12,2026-06-26T14:46:10.246836+00:00
10000 GREEN g a,21,5242_1935,Broombridge,72.gf.93-GRN-y11-16.,1,5242_7778148_Txc105573,5242_12,2026-06-26T14:46:10.246836+00:00
10000 GREEN g a,20,5242_1939,Broombridge,115.MF-BH.93-GRN-y11,1,5242_7778148_Txc104680,5242_12,2026-06-26T14:46:10.246836+00:00
10000 GREEN g a,22,5242_194,Sandyford,153.Sat.93-GRN-y11-1,0,5242_7778148_Txc104849,5242_4,2026-06-26T14:46:10.246836+00:00
10000 GREEN g a,22,5242_1940,Parnell,75.Sat.93-GRN-y11-16,1,5242_7778148_Txc105583,5242_14,2026-06-26T14:46:10.246836+00:00
10000 GREEN g a,21,5242_1941,Parnell,75.gf.93-GRN-y11-16.,1,5242_7778148_Txc105585,5242_14,2026-06-26T14:46:10.246836+00:00
10000 GREEN g a,20,5242_1945,Parnell,120.MF-BH.93-GRN-y11,1,5242_7778148_Txc104704,5242_14,2026-06-26T14:46:10.246836+00:00
10000 GREEN g a,23,5242_1946,Broombridge,45.SuBH.93-GRN-y11-1,1,5242_7778148_Txc105452,5242_13,2026-06-26T14:46:10.246836+00:00
10000 GREEN g a,21,5242_195,Sandyford,153.gf.93-GRN-y11-16,0,5242_7778148_Txc104851,5242_4,2026-06-26T14:46:10.246836+00:00
10000 GREEN g a,20,5242_1951,Broombridge,117.MF-BH.93-GRN-y11,1,5242_7778148_Txc104688,5242_12,2026-06-26T14:46:10.246836+00:00
10000 GREEN g a,20,5242_1952,Parnell,122.MF-BH.93-GRN-y11,1,5242_7778148_Txc104712,5242_14,2026-06-26T14:46:10.246836+00:00
10000 GREEN g a,22,5242_1953,Broombridge,74.Sat.93-GRN-y11-16,1,5242_7778148_Txc105579,5242_12,2026-06-26T14:46:10.246836+00:00
10000 GREEN g a,21,5242_1954,Broombridge,74.gf.93-GRN-y11-16.,1,5242_7778148_Txc105581,5242_12,2026-06-26T14:46:10.246836+00:00
10000 GREEN g a,22,5242_1958,Parnell,77.Sat.93-GRN-y11-16,1,5242_7778148_Txc105591,5242_14,2026-06-26T14:46:10.246836+00:00
10000 GREEN g a,21,5242_1959,Parnell,77.gf.93-GRN-y11-16.,1,5242_7778148_Txc105593,5242_14,2026-06-26T14:46:10.246836+00:00
10000 GREEN g a,23,5242_1963,Broombridge,46.SuBH.93-GRN-y11-1,1,5242_7778148_Txc105456,5242_13,2026-06-26T14:46:10.246836+00:00
10000 GREEN g a,20,5242_1968,Broombridge,119.MF-BH.93-GRN-y11,1,5242_7778148_Txc104696,5242_12,2026-06-26T14:46:10.246836+00:00
10000 GREEN g a,20,5242_1969,Parnell,124.MF-BH.93-GRN-y11,1,5242_7778148_Txc104720,5242_14,2026-06-26T14:46:10.246836+00:00
10000 GREEN g a,20,5242_1970,Broombridge,121.MF-BH.93-GRN-y11,1,5242_7778148_Txc104708,5242_12,2026-06-26T14:46:10.246836+00:00
10000 GREEN g a,22,5242_1971,Broombridge,76.Sat.93-GRN-y11-16,1,5242_7778148_Txc105587,5242_18,2026-06-26T14:46:10.246836+00:00
10000 GREEN g a,21,5242_1972,Broombridge,76.gf.93-GRN-y11-16.,1,5242_7778148_Txc105589,5242_18,2026-06-26T14:46:10.246836+00:00
10000 GREEN g a,22,5242_1976,Parnell,79.Sat.93-GRN-y11-16,1,5242_7778148_Txc105599,5242_14,2026-06-26T14:46:10.246836+00:00
10000 GREEN g a,21,5242_1977,Parnell,79.gf.93-GRN-y11-16.,1,5242_7778148_Txc105601,5242_14,2026-06-26T14:46:10.246836+00:00
10000 GREEN g a,23,5242_1981,Broombridge,47.SuBH.93-GRN-y11-1,1,5242_7778148_Txc105460,5242_13,2026-06-26T14:46:10.246836+00:00
10000 GREEN g a,20,5242_1986,Broombridge,127.MF-BH.93-GRN-y11,1,5242_7778148_Txc104732,5242_13,2026-06-26T14:46:10.246836+00:00
10000 GREEN g a,20,5242_1987,Broombridge,123.MF-BH.93-GRN-y11,1,5242_7778148_Txc104716,5242_12,2026-06-26T14:46:10.246836+00:00
10000 GREEN g a,22,5242_1988,Broombridge,78.Sat.93-GRN-y11-16,1,5242_7778148_Txc105595,5242_12,2026-06-26T14:46:10.246836+00:00
10000 GREEN g a,21,5242_1989,Broombridge,78.gf.93-GRN-y11-16.,1,5242_7778148_Txc105597,5242_12,2026-06-26T14:46:10.246836+00:00
10000 GREEN g a,23,5242_199,Brides Glen,91.SuBH.93-GRN-y11-1,0,5242_7778148_Txc105656,5242_1,2026-06-26T14:46:10.246836+00:00
10000 GREEN g a,22,5242_1993,Parnell,81.Sat.93-GRN-y11-16,1,5242_7778148_Txc105611,5242_14,2026-06-26T14:46:10.246836+00:00
10000 GREEN g a,21,5242_1994,Parnell,81.gf.93-GRN-y11-16.,1,5242_7778148_Txc105613,5242_14,2026-06-26T14:46:10.246836+00:00
10000 GREEN g a,23,5242_1998,Broombridge,48.SuBH.93-GRN-y11-1,1,5242_7778148_Txc105464,5242_13,2026-06-26T14:46:10.246836+00:00
10000 GREEN g a,20,5242_2,Brides Glen,192.MF-BH.93-GRN-y11,0,5242_7778148_Txc104986,5242_2,2026-06-26T14:46:10.246836+00:00
10000 GREEN g a,20,5242_2003,Broombridge,125.MF-BH.93-GRN-y11,1,5242_7778148_Txc104724,5242_12,2026-06-26T14:46:10.246836+00:00
10000 GREEN g a,20,5242_2004,Parnell,130.MF-BH.93-GRN-y11,1,5242_7778148_Txc104748,5242_14,2026-06-26T14:46:10.246836+00:00
10000 GREEN g a,20,5242_2005,Parnell,126.MF-BH.93-GRN-y11,1,5242_7778148_Txc104728,5242_15,2026-06-26T14:46:10.246836+00:00
